<?xml version="1.0" encoding="UTF-8"?>
<mesh>
    <sharedgeometry vertexcount="10">
        <vertexbuffer normals="true" positions="true" texture_coords="0" colours_diffuse="False">
            <vertex>
                <position x="-1.500096" y="0.000000" z="1.000000"/>
                <normal x="0.000000" y="1.000000" z="-0.000000"/>
            </vertex>
            <vertex>
                <position x="1.500096" y="0.000000" z="1.000000"/>
                <normal x="0.000000" y="1.000000" z="-0.000000"/>
            </vertex>
            <vertex>
                <position x="1.500096" y="0.000000" z="-1.000000"/>
                <normal x="0.000000" y="0.958831" z="0.283914"/>
            </vertex>
            <vertex>
                <position x="-1.500096" y="0.000000" z="-1.000000"/>
                <normal x="0.000000" y="0.958831" z="0.283914"/>
            </vertex>
            <vertex>
                <position x="1.500096" y="0.264198" z="-1.407008"/>
                <normal x="0.000000" y="0.661519" z="0.749901"/>
            </vertex>
            <vertex>
                <position x="-1.500096" y="0.264198" z="-1.407008"/>
                <normal x="0.000000" y="0.661519" z="0.749901"/>
            </vertex>
            <vertex>
                <position x="1.500096" y="0.928264" z="-1.728330"/>
                <normal x="0.000000" y="0.321329" z="0.946959"/>
            </vertex>
            <vertex>
                <position x="-1.500096" y="0.928264" z="-1.728330"/>
                <normal x="0.000000" y="0.321329" z="0.946959"/>
            </vertex>
            <vertex>
                <position x="1.500096" y="1.585190" z="-1.864000"/>
                <normal x="0.000000" y="0.202246" z="0.979308"/>
            </vertex>
            <vertex>
                <position x="-1.500096" y="1.585190" z="-1.864000"/>
                <normal x="0.000000" y="0.202246" z="0.979308"/>
            </vertex>
        </vertexbuffer>
    </sharedgeometry>
    <submeshes>
        <submesh use32bitindexes="False" operationtype="triangle_list" usesharedvertices="true" material="_missing_material_">
            <faces count="8">
                <face v1="0" v3="2" v2="1"/>
                <face v1="0" v3="3" v2="2"/>
                <face v1="3" v3="4" v2="2"/>
                <face v1="3" v3="5" v2="4"/>
                <face v1="5" v3="6" v2="4"/>
                <face v1="5" v3="7" v2="6"/>
                <face v1="7" v3="8" v2="6"/>
                <face v1="7" v3="9" v2="8"/>
            </faces>
        </submesh>
    </submeshes>
    <submeshnames>
        <submesh index="0" name="_missing_material_">
        </submesh>
    </submeshnames>
</mesh>