<?xml version="1.0" encoding="UTF-8"?>
<mesh>
    <sharedgeometry vertexcount="196">
        <vertexbuffer positions="true" texture_coords="1" colours_diffuse="False" normals="true">
            <vertex>
                <position x="-4.348434" y="-20.19323" z="-31.116028"/>
                <normal x="0.051851001" y="-0.58760297" z="-0.807459"/>
                <texcoord u="0.207913" v="0.423751"/>
            </vertex>
            <vertex>
                <position x="-6.9155879" y="-22.909607" z="-28.505066"/>
                <normal x="-0.152348" y="-0.70284098" z="-0.69481498"/>
                <texcoord u="0.19126301" v="0.4316"/>
            </vertex>
            <vertex>
                <position x="-7.73103" y="-17.919716" z="-32.457512"/>
                <normal x="-0.27875599" y="-0.46748301" z="-0.838862"/>
                <texcoord u="0.21645901" v="0.43920299"/>
            </vertex>
            <vertex>
                <position x="-2.3792379" y="-34.339531" z="6.5873408"/>
                <normal x="0.42594701" y="-0.87331802" z="0.236274"/>
                <texcoord u="0.049343001" v="0.36552599"/>
            </vertex>
            <vertex>
                <position x="0.62115902" y="-34.294571" z="-0.54042101"/>
                <normal x="0.45106399" y="-0.878079" z="0.159734"/>
                <texcoord u="0.082725003" v="0.36815399"/>
            </vertex>
            <vertex>
                <position x="3.358166" y="-30.626396" z="0.044532999"/>
                <normal x="0.81893402" y="-0.50895703" z="0.26502299"/>
                <texcoord u="0.087976001" v="0.34881899"/>
            </vertex>
            <vertex>
                <position x="-14.32781" y="-33.840729" z="3.626862"/>
                <normal x="-0.50437897" y="-0.85775298" z="0.099094003"/>
                <texcoord u="0.037827" v="0.42480299"/>
            </vertex>
            <vertex>
                <position x="-7.7726288" y="-32.942001" z="-10.309624"/>
                <normal x="-0.275796" y="-0.92489398" z="-0.26160499"/>
                <texcoord u="0.107141" v="0.415907"/>
            </vertex>
            <vertex>
                <position x="-11.177284" y="-34.407227" z="1.454071"/>
                <normal x="-0.17575601" y="-0.978118" z="-0.11127"/>
                <texcoord u="0.052777" v="0.413284"/>
            </vertex>
            <vertex>
                <position x="-18.690434" y="23.943054" z="-6.3529282"/>
                <normal x="-0.22962099" y="0.97323501" z="0.0065609999"/>
                <texcoord u="0.19309001" v="0.047495"/>
            </vertex>
            <vertex>
                <position x="-14.419035" y="24.431993" z="-13.779808"/>
                <normal x="-0.094852" y="0.99182099" z="-0.085299"/>
                <texcoord u="0.229196" v="0.053344999"/>
            </vertex>
            <vertex>
                <position x="-18.017868" y="23.534355" z="-13.627419"/>
                <normal x="-0.37153199" y="0.90664399" z="-0.19980501"/>
                <texcoord u="0.22349501" v="0.038791001"/>
            </vertex>
            <vertex>
                <position x="-11.085449" y="20.546976" z="-2.3563609"/>
                <normal x="0.65654498" y="0.62486601" z="0.42243701"/>
                <texcoord u="0.226338" v="0.115481"/>
            </vertex>
            <vertex>
                <position x="-11.683823" y="8.4693451" z="13.983746"/>
                <normal x="0.71147799" y="0.53270102" z="0.45820501"/>
                <texcoord u="0.134867" v="0.120865"/>
            </vertex>
            <vertex>
                <position x="-5.7287669" y="12.354097" z="-0.95293403"/>
                <normal x="0.72591299" y="0.52299601" z="0.44660801"/>
                <texcoord u="0.201993" v="0.152771"/>
            </vertex>
            <vertex>
                <position x="-5.1228261" y="21.44346" z="-12.37014"/>
                <normal x="0.70314598" y="0.67308599" z="0.229133"/>
                <texcoord u="0.26661101" v="0.148315"/>
            </vertex>
            <vertex>
                <position x="-3.57494" y="18.090511" z="-10.299751"/>
                <normal x="0.75691998" y="0.53480601" z="0.37553"/>
                <texcoord u="0.25121799" v="0.158675"/>
            </vertex>
            <vertex>
                <position x="-21.71084" y="18.895233" z="9.6718102"/>
                <normal x="-0.159032" y="0.79961503" z="0.57902801"/>
                <texcoord u="0.12085" v="0.056642"/>
            </vertex>
            <vertex>
                <position x="-25.015675" y="17.775059" z="9.0661583"/>
                <normal x="-0.48124599" y="0.736808" z="0.47480699"/>
                <texcoord u="0.117611" v="0.042764999"/>
            </vertex>
            <vertex>
                <position x="-26.386591" y="15.137102" z="11.275967"/>
                <normal x="-0.63658601" y="0.55031002" z="0.54026902"/>
                <texcoord u="0.103362" v="0.038984999"/>
            </vertex>
            <vertex>
                <position x="6.3977132" y="4.2114258" z="-15.075104"/>
                <normal x="0.87420303" y="0.464858" z="0.14011"/>
                <texcoord u="0.23747399" v="0.236007"/>
            </vertex>
            <vertex>
                <position x="5.9353142" y="2.2767301" z="-10.242943"/>
                <normal x="0.87575901" y="0.355358" z="0.32670099"/>
                <texcoord u="0.214715" v="0.23190001"/>
            </vertex>
            <vertex>
                <position x="-24.284094" y="6.1600742" z="-11.104599"/>
                <normal x="-0.93795598" y="-0.00351" z="-0.34672099"/>
                <texcoord u="0.35489601" v="0.41134399"/>
            </vertex>
            <vertex>
                <position x="-26.597088" y="16.396643" z="-5.506424"/>
                <normal x="-0.94619602" y="0.054262001" z="-0.318979"/>
                <texcoord u="0.300574" v="0.415627"/>
            </vertex>
            <vertex>
                <position x="-20.69681" y="13.916374" z="-20.870575"/>
                <normal x="-0.88888198" y="0.104617" z="-0.44596699"/>
                <texcoord u="0.35366601" v="0.47057399"/>
            </vertex>
            <vertex>
                <position x="-3.3524671" y="19.273951" z="-16.438507"/>
                <normal x="0.73323798" y="0.62941402" z="-0.25724101"/>
                <texcoord u="0.278032" v="0.16685601"/>
            </vertex>
            <vertex>
                <position x="-0.176842" y="14.301422" z="-13.453949"/>
                <normal x="0.83837402" y="0.52394199" z="0.150304"/>
                <texcoord u="0.254558" v="0.184983"/>
            </vertex>
            <vertex>
                <position x="8.9612312" y="-4.7447472" z="-23.992462"/>
                <normal x="0.94277799" y="-0.170476" z="-0.286477"/>
                <texcoord u="0.253429" v="0.33504301"/>
            </vertex>
            <vertex>
                <position x="7.8469281" y="-10.325699" z="-22.136581"/>
                <normal x="0.91113001" y="-0.27921399" z="-0.303049"/>
                <texcoord u="0.226585" v="0.343389"/>
            </vertex>
            <vertex>
                <position x="3.1488991" y="-17.261765" z="-26.16671"/>
                <normal x="0.81981897" y="-0.38966" z="-0.419568"/>
                <texcoord u="0.20984299" v="0.38242999"/>
            </vertex>
            <vertex>
                <position x="-13.007725" y="-30.802994" z="11.335682"/>
                <normal x="-0.59184498" y="-0.62346298" z="0.51087999"/>
                <texcoord u="0.44797799" v="0.21262901"/>
            </vertex>
            <vertex>
                <position x="-10.001888" y="-29.997917" z="14.595192"/>
                <normal x="-0.37968099" y="-0.61711502" z="0.68916899"/>
                <texcoord u="0.43990901" v="0.193941"/>
            </vertex>
            <vertex>
                <position x="-16.219284" y="-20.7136" z="17.05526"/>
                <normal x="-0.58067602" y="-0.536515" z="0.612293"/>
                <texcoord u="0.394508" v="0.21731"/>
            </vertex>
            <vertex>
                <position x="-10.720764" y="-34.64579" z="8.2919083"/>
                <normal x="-0.296731" y="-0.91506702" z="0.27301899"/>
                <texcoord u="0.022188" v="0.39838299"/>
            </vertex>
            <vertex>
                <position x="-2.751606" y="-34.505371" z="-3.2508931"/>
                <normal x="-0.0089720003" y="-0.99862701" z="-0.051270999"/>
                <texcoord u="0.086502999" v="0.385865"/>
            </vertex>
            <vertex>
                <position x="-0.28819299" y="-10.80114" z="16.81218"/>
                <normal x="0.784661" y="0.33753499" z="0.51994401"/>
                <texcoord u="0.080477998" v="0.20573799"/>
            </vertex>
            <vertex>
                <position x="1.2038" y="0.54163003" z="0.61322802"/>
                <normal x="0.81289101" y="0.42744201" z="0.39552"/>
                <texcoord u="0.168763" v="0.204961"/>
            </vertex>
            <vertex>
                <position x="-3.739265" y="2.1055739" z="8.8852654"/>
                <normal x="0.75606602" y="0.50227398" z="0.419568"/>
                <texcoord u="0.140433" v="0.17149"/>
            </vertex>
            <vertex>
                <position x="-21.865482" y="-23.129486" z="7.0146642"/>
                <normal x="-0.69298398" y="-0.58204901" z="0.425367"/>
                <texcoord u="0.420609" v="0.26125899"/>
            </vertex>
            <vertex>
                <position x="-14.32781" y="-33.840729" z="3.626862"/>
                <normal x="-0.50437897" y="-0.85775298" z="0.099094003"/>
                <texcoord u="0.4781" v="0.23775899"/>
            </vertex>
            <vertex>
                <position x="3.2016599" y="-1.962872" z="-30.724075"/>
                <normal x="0.51011699" y="0.454878" z="-0.72994202"/>
                <texcoord u="0.39322299" v="0.084987998"/>
            </vertex>
            <vertex>
                <position x="8.3013268" y="-2.353472" z="-26.422508"/>
                <normal x="0.83196503" y="0.187811" z="-0.52201903"/>
                <texcoord u="0.39289999" v="0.116728"/>
            </vertex>
            <vertex>
                <position x="4.113575" y="-5.7453308" z="-32.11097"/>
                <normal x="0.709647" y="0.074952997" z="-0.70052201"/>
                <texcoord u="0.41283599" v="0.084964"/>
            </vertex>
            <vertex>
                <position x="-3.1151619" y="-27.409195" z="-24.187668"/>
                <normal x="0.166967" y="-0.79045999" z="-0.58925098"/>
                <texcoord u="0.16993301" v="0.412606"/>
            </vertex>
            <vertex>
                <position x="-4.059566" y="-30.950211" z="-18.912018"/>
                <normal x="0.015900001" y="-0.88134402" z="-0.47218201"/>
                <texcoord u="0.145244" v="0.41057101"/>
            </vertex>
            <vertex>
                <position x="-11.067112" y="-25.861336" z="-22.96624"/>
                <normal x="-0.364696" y="-0.78234202" z="-0.50486797"/>
                <texcoord u="0.16286799" v="0.44467899"/>
            </vertex>
            <vertex>
                <position x="3.2575109" y="4.3854141" z="-25.571976"/>
                <normal x="0.60563999" y="0.56834602" z="-0.55690199"/>
                <texcoord u="0.357438" v="0.098396003"/>
            </vertex>
            <vertex>
                <position x="-0.227478" y="-27.200905" z="13.475567"/>
                <normal x="0.72838497" y="-0.57435799" z="0.37354699"/>
                <texcoord u="0.025361" v="0.32173899"/>
            </vertex>
            <vertex>
                <position x="4.6869159" y="-31.024811" z="-7.7606812"/>
                <normal x="0.83953398" y="-0.52586401" z="-0.13638701"/>
                <texcoord u="0.117375" v="0.36252299"/>
            </vertex>
            <vertex>
                <position x="1.57584" y="-29.722229" z="-15.404121"/>
                <normal x="0.655599" y="-0.61098099" z="-0.44367799"/>
                <texcoord u="0.142185" v="0.38406599"/>
            </vertex>
            <vertex>
                <position x="6.7223239" y="-23.693741" z="-11.934975"/>
                <normal x="0.85821098" y="-0.40522501" z="-0.314982"/>
                <texcoord u="0.15082701" v="0.34877801"/>
            </vertex>
            <vertex>
                <position x="-4.957912" y="-13.452286" z="-34.904076"/>
                <normal x="-0.023133" y="-0.35233599" z="-0.93557501"/>
                <texcoord u="0.239952" v="0.4303"/>
            </vertex>
            <vertex>
                <position x="-0.345272" y="-17.817116" z="-31.71357"/>
                <normal x="0.51087999" y="-0.46317899" z="-0.72417402"/>
                <texcoord u="0.219225" v="0.40836099"/>
            </vertex>
            <vertex>
                <position x="-11.684387" y="4.1122022" z="18.843849"/>
                <normal x="0.60878301" y="0.47209099" z="0.637532"/>
                <texcoord u="0.10598" v="0.125275"/>
            </vertex>
            <vertex>
                <position x="-4.2153282" y="-3.6690371" z="15.862309"/>
                <normal x="0.68919998" y="0.469069" z="0.55220199"/>
                <texcoord u="0.099928997" v="0.17513999"/>
            </vertex>
            <vertex>
                <position x="-9.6775551" y="24.246466" z="-15.775764"/>
                <normal x="0.234687" y="0.93624699" z="-0.26133001"/>
                <texcoord u="0.244221" v="0.068862997"/>
            </vertex>
            <vertex>
                <position x="-16.885397" y="23.796284" z="-2.3853381"/>
                <normal x="0.090884" y="0.973418" z="0.210181"/>
                <texcoord u="0.179766" v="0.061025999"/>
            </vertex>
            <vertex>
                <position x="-8.2935791" y="23.399025" z="-11.712143"/>
                <normal x="0.39887699" y="0.88433498" z="0.242561"/>
                <texcoord u="0.23087101" v="0.082249999"/>
            </vertex>
            <vertex>
                <position x="-3.787003" y="-32.857658" z="11.414845"/>
                <normal x="0.48036101" y="-0.75539398" z="0.445631"/>
                <texcoord u="0.025728" v="0.35739401"/>
            </vertex>
            <vertex>
                <position x="-19.359821" y="-6.33564" z="24.055775"/>
                <normal x="-0.21597899" y="-0.104587" z="0.97076303"/>
                <texcoord u="0.32501301" v="0.218806"/>
            </vertex>
            <vertex>
                <position x="-22.246235" y="-8.5813255" z="21.717411"/>
                <normal x="-0.514512" y="-0.423933" z="0.745323"/>
                <texcoord u="0.335628" v="0.233853"/>
            </vertex>
            <vertex>
                <position x="-12.611362" y="-16.669952" z="22.744095"/>
                <normal x="-0.18775" y="-0.433393" z="0.881405"/>
                <texcoord u="0.37028301" v="0.193775"/>
            </vertex>
            <vertex>
                <position x="-6.9415088" y="-11.864349" z="22.84"/>
                <normal x="0.39121699" y="0.075502999" z="0.91717303"/>
                <texcoord u="0.049709" v="0.1793"/>
            </vertex>
            <vertex>
                <position x="-0.33914199" y="-17.710148" z="19.342159"/>
                <normal x="0.58781701" y="-0.065981001" z="0.80626899"/>
                <texcoord u="0.052078001" v="0.222435"/>
            </vertex>
            <vertex>
                <position x="-3.3581729" y="-9.6333771" z="19.560825"/>
                <normal x="0.61467302" y="0.35605901" z="0.70381802"/>
                <texcoord u="0.071675003" v="0.18909299"/>
            </vertex>
            <vertex>
                <position x="-12.741722" y="8.680851" z="-29.693283"/>
                <normal x="-0.084657997" y="0.499924" z="-0.86190403"/>
                <texcoord u="0.32795599" v="0.023683"/>
            </vertex>
            <vertex>
                <position x="-18.354239" y="15.74091" z="-23.997704"/>
                <normal x="-0.53355497" y="0.41431901" z="-0.737297"/>
                <texcoord u="0.27887601" v="0.012063"/>
            </vertex>
            <vertex>
                <position x="-12.110353" y="19.321045" z="-22.258598"/>
                <normal x="0.079226002" y="0.64323902" z="-0.76152802"/>
                <texcoord u="0.272962" v="0.045903999"/>
            </vertex>
            <vertex>
                <position x="-12.307919" y="-7.2372589" z="-34.110626"/>
                <normal x="-0.56511098" y="-0.161351" z="-0.80904597"/>
                <texcoord u="0.25989699" v="0.47203901"/>
            </vertex>
            <vertex>
                <position x="-10.089195" y="-5.5136032" z="-35.599915"/>
                <normal x="-0.28510401" y="0.024537001" z="-0.95815903"/>
                <texcoord u="0.27245301" v="0.46263701"/>
            </vertex>
            <vertex>
                <position x="-23.427643" y="11.536121" z="16.561016"/>
                <normal x="-0.35389301" y="0.56523299" z="0.74510902"/>
                <texcoord u="0.079682" v="0.055489"/>
            </vertex>
            <vertex>
                <position x="-13.485172" y="1.616257" z="-32.88311"/>
                <normal x="-0.42848" y="0.23633499" z="-0.87206602"/>
                <texcoord u="0.437392" v="0.490655"/>
            </vertex>
            <vertex>
                <position x="-10.089195" y="-5.5136032" z="-35.599915"/>
                <normal x="-0.28510401" y="0.024537001" z="-0.95815903"/>
                <texcoord u="0.47590399" v="0.487602"/>
            </vertex>
            <vertex>
                <position x="-12.307919" y="-7.2372589" z="-34.110626"/>
                <normal x="-0.56511098" y="-0.161351" z="-0.80904597"/>
                <texcoord u="0.475133" v="0.47291201"/>
            </vertex>
            <vertex>
                <position x="-7.3142052" y="19.823725" z="-20.09565"/>
                <normal x="0.409284" y="0.661672" z="-0.62819302"/>
                <texcoord u="0.27284801" v="0.069764003"/>
            </vertex>
            <vertex>
                <position x="-2.4197619" y="4.7756162" z="-29.798187"/>
                <normal x="0.40632299" y="0.52714598" z="-0.74633002"/>
                <texcoord u="0.35724899" v="0.065636002"/>
            </vertex>
            <vertex>
                <position x="-8.1045837" y="7.5366759" z="-30.107445"/>
                <normal x="0.18066999" y="0.53047299" z="-0.82821101"/>
                <texcoord u="0.33963999" v="0.042493001"/>
            </vertex>
            <vertex>
                <position x="-28.568357" y="-15.530289" z="6.3101878"/>
                <normal x="-0.923612" y="-0.35618201" z="0.14148401"/>
                <texcoord u="0.388244" v="0.29095599"/>
            </vertex>
            <vertex>
                <position x="-30.289495" y="6.3399448" z="9.9792366"/>
                <normal x="-0.97961402" y="0.13654" z="0.14715999"/>
                <texcoord u="0.29725" v="0.32896301"/>
            </vertex>
            <vertex>
                <position x="-27.717262" y="-12.084938" z="0.090751998"/>
                <normal x="-0.96960402" y="-0.071932003" z="-0.23380201"/>
                <texcoord u="0.391323" v="0.321522"/>
            </vertex>
            <vertex>
                <position x="-26.317173" y="18.209496" z="6.1425252"/>
                <normal x="-0.67601502" y="0.68312597" z="0.27619299"/>
                <texcoord u="0.126691" v="0.033438001"/>
            </vertex>
            <vertex>
                <position x="-26.356682" y="19.310059" z="-4.8246989"/>
                <normal x="-0.83758098" y="0.51396197" z="-0.18512499"/>
                <texcoord u="0.171593" v="0.011316"/>
            </vertex>
            <vertex>
                <position x="-22.350641" y="22.244656" z="-7.8593898"/>
                <normal x="-0.54744101" y="0.82827199" z="-0.119327"/>
                <texcoord u="0.19295201" v="0.028403001"/>
            </vertex>
            <vertex>
                <position x="-22.424992" y="20.064749" z="-15.05175"/>
                <normal x="-0.80233198" y="0.47617999" z="-0.359844"/>
                <texcoord u="0.223602" v="0.01226"/>
            </vertex>
            <vertex>
                <position x="-19.754065" y="2.7574439" z="22.908325"/>
                <normal x="-0.0041510002" y="0.35917199" z="0.93325597"/>
                <texcoord u="0.28442201" v="0.21901"/>
            </vertex>
            <vertex>
                <position x="-13.363895" y="-11.539597" z="24.423889"/>
                <normal x="-0.0095830001" y="-0.114505" z="0.99334699"/>
                <texcoord u="0.34758401" v="0.19456901"/>
            </vertex>
            <vertex>
                <position x="-26.764107" y="-21.188301" z="0.816208"/>
                <normal x="-0.90746802" y="-0.41801199" z="0.041505001"/>
                <texcoord u="0.422335" v="0.296583"/>
            </vertex>
            <vertex>
                <position x="-26.048712" y="-3.97855" z="-6.6605148"/>
                <normal x="-0.94708103" y="-0.027496999" z="-0.31974199"/>
                <texcoord u="0.37981701" v="0.367351"/>
            </vertex>
            <vertex>
                <position x="-25.809959" y="-18.835224" z="-4.3594208"/>
                <normal x="-0.937132" y="-0.159124" z="-0.31049499"/>
                <texcoord u="0.42778999" v="0.321033"/>
            </vertex>
            <vertex>
                <position x="1.678951" y="-21.862015" z="17.099117"/>
                <normal x="0.72356302" y="-0.22110701" z="0.65382898"/>
                <texcoord u="0.049887002" v="0.24596401"/>
            </vertex>
            <vertex>
                <position x="2.247829" y="-15.125095" z="14.429379"/>
                <normal x="0.90780401" y="0.16068" z="0.38734099"/>
                <texcoord u="0.078690998" v="0.23017199"/>
            </vertex>
            <vertex>
                <position x="-20.516766" y="8.5768433" z="19.062405"/>
                <normal x="0.0054020002" y="0.577685" z="0.81621802"/>
                <texcoord u="0.064240001" v="0.068951003"/>
            </vertex>
            <vertex>
                <position x="-14.632059" y="4.1339569" z="21.028652"/>
                <normal x="0.37147099" y="0.42982301" z="0.822932"/>
                <texcoord u="0.045609999" v="0.098016001"/>
            </vertex>
            <vertex>
                <position x="-18.815308" y="15.275005" z="13.498676"/>
                <normal x="0.20142201" y="0.67824298" z="0.70665598"/>
                <texcoord u="0.101516" v="0.071909003"/>
            </vertex>
            <vertex>
                <position x="8.8542633" y="-21.400909" z="-7.031136"/>
                <normal x="0.97527999" y="-0.22083201" z="-0.0051879999"/>
                <texcoord u="0.142425" v="0.32459199"/>
            </vertex>
            <vertex>
                <position x="8.9361" y="-16.527298" z="-7.1133041"/>
                <normal x="0.98199397" y="0.089754999" z="0.166051"/>
                <texcoord u="0.15819301" v="0.30863401"/>
            </vertex>
            <vertex>
                <position x="8.1152687" y="-22.881058" z="-3.4409029"/>
                <normal x="0.95184201" y="-0.23178799" z="0.20056801"/>
                <texcoord u="0.124062" v="0.31883901"/>
            </vertex>
            <vertex>
                <position x="1.955109" y="-34.207382" z="-7.4832149"/>
                <normal x="0.414289" y="-0.88818002" z="-0.19858401"/>
                <texcoord u="0.108829" v="0.37573701"/>
            </vertex>
            <vertex>
                <position x="-1.60434" y="-33.476395" z="-12.94606"/>
                <normal x="0.16544101" y="-0.92031598" z="-0.354381"/>
                <texcoord u="0.123699" v="0.39502099"/>
            </vertex>
            <vertex>
                <position x="-1.281437" y="-23.163567" z="-28.162025"/>
                <normal x="0.455336" y="-0.62337101" z="-0.63560897"/>
                <texcoord u="0.193477" v="0.409022"/>
            </vertex>
            <vertex>
                <position x="-7.7600169" y="-0.94777298" z="-34.479851"/>
                <normal x="0.034791" y="0.36228499" z="-0.93139398"/>
                <texcoord u="0.382285" v="0.031490002"/>
            </vertex>
            <vertex>
                <position x="-13.485172" y="1.616257" z="-32.88311"/>
                <normal x="-0.42848" y="0.23633499" z="-0.87206602"/>
                <texcoord u="0.36148199" v="0.0095960004"/>
            </vertex>
            <vertex>
                <position x="1.556499" y="-12.553223" z="-32.845711"/>
                <normal x="0.64522201" y="-0.313822" z="-0.69652402"/>
                <texcoord u="0.241814" v="0.399627"/>
            </vertex>
            <vertex>
                <position x="-3.5327489" y="-8.8584366" z="-36.26947"/>
                <normal x="0.128086" y="-0.071780004" z="-0.98913503"/>
                <texcoord u="0.26331601" v="0.42562401"/>
            </vertex>
            <vertex>
                <position x="0.92006701" y="-7.2137761" z="-34.662773"/>
                <normal x="0.47209099" y="0.081331998" z="-0.87777299"/>
                <texcoord u="0.268206" v="0.400718"/>
            </vertex>
            <vertex>
                <position x="6.5855598" y="-26.136963" z="-7.4037781"/>
                <normal x="0.92056" y="-0.374432" z="-0.111057"/>
                <texcoord u="0.12916" v="0.34398901"/>
            </vertex>
            <vertex>
                <position x="-19.246025" y="21.920286" z="4.3346248"/>
                <normal x="0.0090030003" y="0.93108898" z="0.36463499"/>
                <texcoord u="0.14791401" v="0.060768999"/>
            </vertex>
            <vertex>
                <position x="-15.44281" y="21.483036" z="2.8081131"/>
                <normal x="0.44270101" y="0.806696" z="0.39140001"/>
                <texcoord u="0.158096" v="0.076500997"/>
            </vertex>
            <vertex>
                <position x="9.511013" y="-5.4250369" z="-18.671211"/>
                <normal x="0.99722302" y="-0.070405997" z="-0.023682"/>
                <texcoord u="0.23621701" v="0.31504601"/>
            </vertex>
            <vertex>
                <position x="-23.319864" y="21.003361" z="4.264442"/>
                <normal x="-0.40494999" y="0.868191" z="0.28672099"/>
                <texcoord u="0.141957" v="0.044068001"/>
            </vertex>
            <vertex>
                <position x="-24.336784" y="0.46472201" z="22.540398"/>
                <normal x="-0.42432901" y="0.26218501" z="0.86669499"/>
                <texcoord u="0.023996999" v="0.051268"/>
            </vertex>
            <vertex>
                <position x="-19.754065" y="2.7574439" z="22.908325"/>
                <normal x="-0.0041510002" y="0.35917199" z="0.93325597"/>
                <texcoord u="0.032977998" v="0.074106"/>
            </vertex>
            <vertex>
                <position x="-19.206871" y="-5.7747421" z="-24.549568"/>
                <normal x="-0.91238099" y="-0.054109" z="-0.40571299"/>
                <texcoord u="0.437419" v="0.43272799"/>
            </vertex>
            <vertex>
                <position x="-17.491999" y="-28.841316" z="-9.8992996"/>
                <normal x="-0.45304701" y="-0.82689899" z="-0.33307901"/>
                <texcoord u="0.098555997" v="0.46165901"/>
            </vertex>
            <vertex>
                <position x="-18.186775" y="-23.76532" z="-19.452858"/>
                <normal x="-0.69609702" y="-0.54832602" z="-0.463393"/>
                <texcoord u="0.14758199" v="0.47879699"/>
            </vertex>
            <vertex>
                <position x="9.0040092" y="-11.853844" z="-11.680801"/>
                <normal x="0.994964" y="0.050783001" z="0.086276002"/>
                <texcoord u="0.18926799" v="0.30840901"/>
            </vertex>
            <vertex>
                <position x="-8.4961433" y="-25.989685" z="18.185055"/>
                <normal x="-0.055909999" y="-0.498245" z="0.86519998"/>
                <texcoord u="0.41775101" v="0.182428"/>
            </vertex>
            <vertex>
                <position x="-5.3527722" y="-31.3536" z="14.715176"/>
                <normal x="0.210059" y="-0.66319799" z="0.71834499"/>
                <texcoord u="0.44926399" v="0.173476"/>
            </vertex>
            <vertex>
                <position x="1.319523" y="-23.775978" z="16.313564"/>
                <normal x="0.660146" y="-0.46851999" z="0.58705401"/>
                <texcoord u="0.41966" v="0.13517"/>
            </vertex>
            <vertex>
                <position x="8.1152687" y="-22.881058" z="-3.4409029"/>
                <normal x="0.95184201" y="-0.23178799" z="0.20056801"/>
                <texcoord u="0.124988" v="0.309829"/>
            </vertex>
            <vertex>
                <position x="8.9361" y="-16.527298" z="-7.1133041"/>
                <normal x="0.98199397" y="0.089754999" z="0.166051"/>
                <texcoord u="0.156321" v="0.29693601"/>
            </vertex>
            <vertex>
                <position x="1.678951" y="-21.862015" z="17.099117"/>
                <normal x="0.72356302" y="-0.22110701" z="0.65382898"/>
                <texcoord u="0.41033101" v="0.131909"/>
            </vertex>
            <vertex>
                <position x="0.92006701" y="-7.2137761" z="-34.662773"/>
                <normal x="0.47209099" y="0.081331998" z="-0.87777299"/>
                <texcoord u="0.41983601" v="0.065315999"/>
            </vertex>
            <vertex>
                <position x="-3.5327489" y="-8.8584366" z="-36.26947"/>
                <normal x="0.128086" y="-0.071780004" z="-0.98913503"/>
                <texcoord u="0.42419201" v="0.041391"/>
            </vertex>
            <vertex>
                <position x="-3.9314799" y="-2.628422" z="-34.552917"/>
                <normal x="0.243995" y="0.37354699" z="-0.894925"/>
                <texcoord u="0.394072" v="0.046944"/>
            </vertex>
            <vertex>
                <position x="-29.596338" y="13.499943" z="6.218224"/>
                <normal x="-0.95022398" y="0.28321201" z="0.12964299"/>
                <texcoord u="0.111473" v="0.016003"/>
            </vertex>
            <vertex>
                <position x="-29.960516" y="-7.321537" z="13.928951"/>
                <normal x="-0.933653" y="-0.28098401" z="0.221992"/>
                <texcoord u="0.34086499" v="0.281461"/>
            </vertex>
            <vertex>
                <position x="-26.339539" y="-9.0881462" z="17.50304"/>
                <normal x="-0.65684998" y="-0.50367701" z="0.56108302"/>
                <texcoord u="0.34255201" v="0.25827101"/>
            </vertex>
            <vertex>
                <position x="-30.289495" y="6.3399448" z="9.9792366"/>
                <normal x="-0.97961402" y="0.13654" z="0.14715999"/>
                <texcoord u="0.077487998" v="0.0068890001"/>
            </vertex>
            <vertex>
                <position x="-26.749071" y="-2.2849481" z="21.651302"/>
                <normal x="-0.66069502" y="-0.013733" z="0.75051099"/>
                <texcoord u="0.015423" v="0.036371998"/>
            </vertex>
            <vertex>
                <position x="-15.849197" y="-10.534035" z="-30.135208"/>
                <normal x="-0.73818201" y="-0.212806" z="-0.640095"/>
                <texcoord u="0.47278899" v="0.44391701"/>
            </vertex>
            <vertex>
                <position x="-16.901039" y="-0.72258598" z="-29.552879"/>
                <normal x="-0.81789601" y="0.012879" z="-0.57518202"/>
                <texcoord u="0.43346" v="0.46661901"/>
            </vertex>
            <vertex>
                <position x="-22.424992" y="20.064749" z="-15.05175"/>
                <normal x="-0.80233198" y="0.47617999" z="-0.359844"/>
                <texcoord u="0.314475" v="0.46464199"/>
            </vertex>
            <vertex>
                <position x="2.5458679" y="-11.49118" z="10.581051"/>
                <normal x="0.90734601" y="0.288614" z="0.30558199"/>
                <texcoord u="0.102056" v="0.226897"/>
            </vertex>
            <vertex>
                <position x="-3.3524671" y="19.273951" z="-16.438507"/>
                <normal x="0.73323798" y="0.62941402" z="-0.25724101"/>
                <texcoord u="0.27034" v="0.094458997"/>
            </vertex>
            <vertex>
                <position x="-26.181818" y="19.555321" z="1.184219"/>
                <normal x="-0.68184501" y="0.727256" z="0.078401998"/>
                <texcoord u="0.147218" v="0.025725"/>
            </vertex>
            <vertex>
                <position x="-22.081818" y="22.575092" z="-0.28907001"/>
                <normal x="-0.383679" y="0.91628802" z="0.114566"/>
                <texcoord u="0.162936" v="0.042661"/>
            </vertex>
            <vertex>
                <position x="-28.82757" y="16.190281" z="1.81823"/>
                <normal x="-0.94125199" y="0.33048499" z="-0.069277003"/>
                <texcoord u="0.134002" v="0.010185"/>
            </vertex>
            <vertex>
                <position x="-29.435619" y="-3.8029709" z="17.986004"/>
                <normal x="-0.875301" y="-0.104831" z="0.47203001"/>
                <texcoord u="0.31831101" v="0.27216399"/>
            </vertex>
            <vertex>
                <position x="-10.089195" y="-5.5136032" z="-35.599915"/>
                <normal x="-0.28510401" y="0.024537001" z="-0.95815903"/>
                <texcoord u="0.40057799" v="0.015091"/>
            </vertex>
            <vertex>
                <position x="-28.82757" y="16.190281" z="1.81823"/>
                <normal x="-0.94125199" y="0.33048499" z="-0.069277003"/>
                <texcoord u="0.28104901" v="0.38612199"/>
            </vertex>
            <vertex>
                <position x="-26.356682" y="19.310059" z="-4.8246989"/>
                <normal x="-0.83758098" y="0.51396197" z="-0.18512499"/>
                <texcoord u="0.28794599" v="0.421334"/>
            </vertex>
            <vertex>
                <position x="-9.0801277" y="-16.320511" z="22.295521"/>
                <normal x="0.210456" y="-0.30658901" z="0.92825103"/>
                <texcoord u="0.37119901" v="0.178103"/>
            </vertex>
            <vertex>
                <position x="-6.9415088" y="-11.864349" z="22.84"/>
                <normal x="0.39121699" y="0.075502999" z="0.91717303"/>
                <texcoord u="0.35179901" v="0.16561"/>
            </vertex>
            <vertex>
                <position x="-10.91658" y="-3.2975769" z="21.229832"/>
                <normal x="0.48383999" y="0.34104401" z="0.805933"/>
                <texcoord u="0.31183201" v="0.179665"/>
            </vertex>
            <vertex>
                <position x="9.0040092" y="-11.853844" z="-11.680801"/>
                <normal x="0.994964" y="0.050783001" z="0.086276002"/>
                <texcoord u="0.18595999" v="0.29104301"/>
            </vertex>
            <vertex>
                <position x="4.2864342" y="-9.0077133" z="2.2174449"/>
                <normal x="0.91525" y="0.27173701" z="0.29740301"/>
                <texcoord u="0.13956501" v="0.24035101"/>
            </vertex>
            <vertex>
                <position x="-16.281488" y="7.967422" z="-29.104515"/>
                <normal x="-0.58095002" y="0.293313" z="-0.75920898"/>
                <texcoord u="0.32415801" v="0.0069619999"/>
            </vertex>
            <vertex>
                <position x="-19.277939" y="-30.470161" z="-2.008904"/>
                <normal x="-0.58766401" y="-0.808496" z="-0.031067999"/>
                <texcoord u="0.058619" v="0.46018401"/>
            </vertex>
            <vertex>
                <position x="-19.112701" y="19.382439" z="-21.14109"/>
                <normal x="-0.53974998" y="0.55412501" z="-0.63368601"/>
                <texcoord u="0.25665599" v="0.017229"/>
            </vertex>
            <vertex>
                <position x="-18.047579" y="19.856131" z="8.0191269"/>
                <normal x="0.25376099" y="0.802728" z="0.53959799"/>
                <texcoord u="0.13168" v="0.069959"/>
            </vertex>
            <vertex>
                <position x="-0.33914199" y="-17.710148" z="19.342159"/>
                <normal x="0.58781701" y="-0.065981001" z="0.80626899"/>
                <texcoord u="0.38743299" v="0.13853"/>
            </vertex>
            <vertex>
                <position x="-16.281488" y="7.967422" z="-29.104515"/>
                <normal x="-0.58095002" y="0.293313" z="-0.75920898"/>
                <texcoord u="0.40085301" v="0.48978901"/>
            </vertex>
            <vertex>
                <position x="-29.435619" y="-3.8029709" z="17.986004"/>
                <normal x="-0.875301" y="-0.104831" z="0.47203001"/>
                <texcoord u="0.018413" v="0.014538"/>
            </vertex>
            <vertex>
                <position x="4.113575" y="-5.7453308" z="-32.11097"/>
                <normal x="0.709647" y="0.074952997" z="-0.70052201"/>
                <texcoord u="0.26921201" v="0.37900001"/>
            </vertex>
            <vertex>
                <position x="8.3013268" y="-2.353472" z="-26.422508"/>
                <normal x="0.83196503" y="0.187811" z="-0.52201903"/>
                <texcoord u="0.26958299" v="0.339991"/>
            </vertex>
            <vertex>
                <position x="9.2622805" y="-0.412891" z="-22.731712"/>
                <normal x="0.91689801" y="0.340922" z="-0.207495"/>
                <texcoord u="0.257" v="0.27335799"/>
            </vertex>
            <vertex>
                <position x="0.89524502" y="12.574366" z="-18.106239"/>
                <normal x="0.80083603" y="0.56498897" z="-0.198523"/>
                <texcoord u="0.26920801" v="0.20227601"/>
            </vertex>
            <vertex>
                <position x="-7.6248631" y="-33.788704" z="11.759274"/>
                <normal x="-0.081820004" y="-0.86861801" z="0.488662"/>
                <texcoord u="0.013817" v="0.374237"/>
            </vertex>
            <vertex>
                <position x="-14.642902" y="17.026901" z="8.740284"/>
                <normal x="0.59776598" y="0.61720598" z="0.51155102"/>
                <texcoord u="0.12530001" v="0.089272"/>
            </vertex>
            <vertex>
                <position x="8.5527916" y="-20.198593" z="-10.772812"/>
                <normal x="0.948057" y="-0.240089" z="-0.20850199"/>
                <texcoord u="0.158392" v="0.33260399"/>
            </vertex>
            <vertex>
                <position x="-23.262138" y="-26.8573" z="-5.492332"/>
                <normal x="-0.78438699" y="-0.58803099" z="-0.197302"/>
                <texcoord u="0.074167997" v="0.488677"/>
            </vertex>
            <vertex>
                <position x="-13.577036" y="23.532412" z="-18.260689"/>
                <normal x="-0.066896997" y="0.85821098" z="-0.50889599"/>
                <texcoord u="0.247935" v="0.049559999"/>
            </vertex>
            <vertex>
                <position x="-18.354239" y="15.74091" z="-23.997704"/>
                <normal x="-0.53355497" y="0.41431901" z="-0.737297"/>
                <texcoord u="0.35680401" v="0.49012199"/>
            </vertex>
            <vertex>
                <position x="-24.336784" y="0.46472201" z="22.540398"/>
                <normal x="-0.42432901" y="0.26218501" z="0.86669499"/>
                <texcoord u="0.29438001" v="0.24090201"/>
            </vertex>
            <vertex>
                <position x="-18.007248" y="-16.790897" z="-24.290794"/>
                <normal x="-0.80919802" y="-0.27072999" z="-0.52140898"/>
                <texcoord u="0.47909001" v="0.403487"/>
            </vertex>
            <vertex>
                <position x="-19.536892" y="21.924896" z="-16.027824"/>
                <normal x="-0.49418601" y="0.79873002" z="-0.34312001"/>
                <texcoord u="0.231619" v="0.026763"/>
            </vertex>
            <vertex>
                <position x="-15.44281" y="21.483036" z="2.8081131"/>
                <normal x="0.44270101" y="0.806696" z="0.39140001"/>
                <texcoord u="0.208381" v="0.090507001"/>
            </vertex>
            <vertex>
                <position x="-14.642902" y="17.026901" z="8.740284"/>
                <normal x="0.59776598" y="0.61720598" z="0.51155102"/>
                <texcoord u="0.17490201" v="0.095889002"/>
            </vertex>
            <vertex>
                <position x="3.4621389" y="-22.702377" z="10.213284"/>
                <normal x="0.92199498" y="-0.240547" z="0.303323"/>
                <texcoord u="0.073152997" v="0.26925299"/>
            </vertex>
            <vertex>
                <position x="-8.2935791" y="23.399025" z="-11.712143"/>
                <normal x="0.39887699" y="0.88433498" z="0.242561"/>
                <texcoord u="0.26909" v="0.13179301"/>
            </vertex>
            <vertex>
                <position x="-26.749071" y="-2.2849481" z="21.651302"/>
                <normal x="-0.66069502" y="-0.013733" z="0.75051099"/>
                <texcoord u="0.30696201" v="0.25299701"/>
            </vertex>
            <vertex>
                <position x="-6.7335968" y="23.216711" z="-14.836555"/>
                <normal x="0.53505099" y="0.83141601" z="-0.149693"/>
                <texcoord u="0.280671" v="0.142601"/>
            </vertex>
            <vertex>
                <position x="3.4621389" y="-22.702377" z="10.213284"/>
                <normal x="0.92199498" y="-0.240547" z="0.303323"/>
                <texcoord u="0.051254001" v="0.29907301"/>
            </vertex>
            <vertex>
                <position x="-18.186775" y="-23.76532" z="-19.452858"/>
                <normal x="-0.69609702" y="-0.54832602" z="-0.463393"/>
                <texcoord u="0.492515" v="0.36677599"/>
            </vertex>
            <vertex>
                <position x="-23.262138" y="-26.8573" z="-5.492332"/>
                <normal x="-0.78438699" y="-0.58803099" z="-0.197302"/>
                <texcoord u="0.46234801" v="0.30376601"/>
            </vertex>
            <vertex>
                <position x="-18.007248" y="-16.790897" z="-24.290794"/>
                <normal x="-0.80919802" y="-0.27072999" z="-0.52140898"/>
                <texcoord u="0.188045" v="0.49213001"/>
            </vertex>
            <vertex>
                <position x="-15.849197" y="-10.534035" z="-30.135208"/>
                <normal x="-0.73818201" y="-0.212806" z="-0.640095"/>
                <texcoord u="0.23241299" v="0.488527"/>
            </vertex>
            <vertex>
                <position x="-11.29747" y="-22.203735" z="-27.644417"/>
                <normal x="-0.448897" y="-0.59230298" z="-0.66902697"/>
                <texcoord u="0.18750601" v="0.45016801"/>
            </vertex>
            <vertex>
                <position x="2.212368" y="-34.225586" z="-5.5250239"/>
                <normal x="0.515275" y="-0.85540301" z="0.052186999"/>
                <texcoord u="0.102646" v="0.37176999"/>
            </vertex>
            <vertex>
                <position x="-10.91658" y="-3.2975769" z="21.229832"/>
                <normal x="0.48383999" y="0.34104401" z="0.805933"/>
                <texcoord u="0.076056004" v="0.14418"/>
            </vertex>
            <vertex>
                <position x="-6.7335968" y="23.216711" z="-14.836555"/>
                <normal x="0.53505099" y="0.83141601" z="-0.149693"/>
                <texcoord u="0.247199" v="0.082767002"/>
            </vertex>
            <vertex>
                <position x="9.2286224" y="-1.924768" z="-17.855988"/>
                <normal x="0.96716201" y="0.201941" z="0.154241"/>
                <texcoord u="0.234359" v="0.268186"/>
            </vertex>
            <vertex>
                <position x="9.511013" y="-5.4250369" z="-18.671211"/>
                <normal x="0.99722302" y="-0.070405997" z="-0.023682"/>
                <texcoord u="0.229204" v="0.28371501"/>
            </vertex>
            <vertex>
                <position x="-19.112701" y="19.382439" z="-21.14109"/>
                <normal x="-0.53974998" y="0.55412501" z="-0.63368601"/>
                <texcoord u="0.335251" v="0.48904499"/>
            </vertex>
            <vertex>
                <position x="-5.3527722" y="-31.3536" z="14.715176"/>
                <normal x="0.210059" y="-0.66319799" z="0.71834499"/>
                <texcoord u="0.0061789998" v="0.35141501"/>
            </vertex>
            <vertex>
                <position x="-19.277939" y="-30.470161" z="-2.008904"/>
                <normal x="-0.58766401" y="-0.808496" z="-0.031067999"/>
                <texcoord u="0.47292101" v="0.275769"/>
            </vertex>
            <vertex>
                <position x="1.678951" y="-21.862015" z="17.099117"/>
                <normal x="0.72356302" y="-0.22110701" z="0.65382898"/>
                <texcoord u="0.015362" v="0.28785899"/>
            </vertex>
            <vertex>
                <position x="1.319523" y="-23.775978" z="16.313564"/>
                <normal x="0.660146" y="-0.46851999" z="0.58705401"/>
                <texcoord u="0.016845999" v="0.298783"/>
            </vertex>
            <vertex>
                <position x="-7.6248631" y="-33.788704" z="11.759274"/>
                <normal x="-0.081820004" y="-0.86861801" z="0.488662"/>
                <texcoord u="0.46404901" v="0.188903"/>
            </vertex>
            <vertex>
                <position x="-10.720764" y="-34.64579" z="8.2919083"/>
                <normal x="-0.296731" y="-0.91506702" z="0.27301899"/>
                <texcoord u="0.47291201" v="0.209718"/>
            </vertex>
            <vertex>
                <position x="-14.632059" y="4.1339569" z="21.028652"/>
                <normal x="0.37147099" y="0.42982301" z="0.822932"/>
                <texcoord u="0.096065" v="0.111939"/>
            </vertex>
            <vertex>
                <position x="0.89524502" y="12.574366" z="-18.106239"/>
                <normal x="0.80083603" y="0.56498897" z="-0.198523"/>
                <texcoord u="0.30560899" v="0.108509"/>
            </vertex>
            <vertex>
                <position x="-14.632059" y="4.1339569" z="21.028652"/>
                <normal x="0.37147099" y="0.42982301" z="0.822932"/>
                <texcoord u="0.278373" v="0.19487301"/>
            </vertex>
            <vertex>
                <position x="9.2622805" y="-0.412891" z="-22.731712"/>
                <normal x="0.91689801" y="0.340922" z="-0.207495"/>
                <texcoord u="0.378169" v="0.130968"/>
            </vertex>
            <vertex>
                <position x="9.2622805" y="-0.412891" z="-22.731712"/>
                <normal x="0.91689801" y="0.340922" z="-0.207495"/>
                <texcoord u="0.26819801" v="0.31863701"/>
            </vertex>
        </vertexbuffer>
    </sharedgeometry>
    <submeshes>
        <submesh material="StonesMat_01" operationtype="triangle_list" use32bitindexes="False" usesharedvertices="true">
            <faces count="290">
                <face v1="0" v2="1" v3="2"/>
                <face v1="3" v2="4" v3="5"/>
                <face v1="6" v2="7" v3="8"/>
                <face v1="9" v2="10" v3="11"/>
                <face v1="12" v2="13" v3="14"/>
                <face v1="15" v2="12" v3="16"/>
                <face v1="17" v2="18" v3="19"/>
                <face v1="20" v2="16" v3="21"/>
                <face v1="22" v2="23" v3="24"/>
                <face v1="25" v2="15" v3="26"/>
                <face v1="27" v2="28" v3="29"/>
                <face v1="30" v2="31" v3="32"/>
                <face v1="33" v2="34" v3="3"/>
                <face v1="35" v2="36" v3="37"/>
                <face v1="30" v2="38" v3="39"/>
                <face v1="40" v2="41" v3="42"/>
                <face v1="43" v2="44" v3="45"/>
                <face v1="40" v2="46" v3="41"/>
                <face v1="5" v2="47" v3="3"/>
                <face v1="48" v2="49" v3="50"/>
                <face v1="0" v2="51" v3="52"/>
                <face v1="37" v2="53" v3="54"/>
                <face v1="55" v2="56" v3="57"/>
                <face v1="3" v2="47" v3="58"/>
                <face v1="59" v2="60" v3="61"/>
                <face v1="62" v2="63" v3="64"/>
                <face v1="33" v2="6" v3="8"/>
                <face v1="65" v2="66" v3="67"/>
                <face v1="2" v2="68" v3="69"/>
                <face v1="70" v2="17" v3="19"/>
                <face v1="71" v2="72" v3="73"/>
                <face v1="74" v2="75" v3="76"/>
                <face v1="77" v2="78" v3="79"/>
                <face v1="19" v2="18" v3="80"/>
                <face v1="81" v2="82" v3="83"/>
                <face v1="84" v2="59" v3="85"/>
                <face v1="77" v2="86" v3="38"/>
                <face v1="87" v2="88" v3="79"/>
                <face v1="63" v2="89" v3="90"/>
                <face v1="91" v2="92" v3="93"/>
                <face v1="94" v2="95" v3="96"/>
                <face v1="97" v2="98" v3="49"/>
                <face v1="50" v2="49" v3="99"/>
                <face v1="65" v2="100" v3="101"/>
                <face v1="1" v2="43" v3="45"/>
                <face v1="10" v2="56" v3="55"/>
                <face v1="102" v2="103" v3="104"/>
                <face v1="105" v2="96" v3="48"/>
                <face v1="106" v2="107" v3="56"/>
                <face v1="108" v2="28" v3="27"/>
                <face v1="106" v2="109" v3="17"/>
                <face v1="70" v2="110" v3="111"/>
                <face v1="112" v2="22" v3="24"/>
                <face v1="45" v2="113" v3="114"/>
                <face v1="95" v2="94" v3="115"/>
                <face v1="96" v2="5" v3="48"/>
                <face v1="116" v2="117" v3="118"/>
                <face v1="90" v2="119" v3="120"/>
                <face v1="116" v2="118" v3="121"/>
                <face v1="74" v2="46" v3="75"/>
                <face v1="122" v2="123" v3="124"/>
                <face v1="80" v2="125" v3="19"/>
                <face v1="126" v2="77" v3="127"/>
                <face v1="128" v2="129" v3="19"/>
                <face v1="73" v2="130" v3="131"/>
                <face v1="132" v2="24" v3="23"/>
                <face v1="36" v2="35" v3="133"/>
                <face v1="116" v2="31" v3="117"/>
                <face v1="19" v2="129" v3="110"/>
                <face v1="74" v2="134" v3="46"/>
                <face v1="109" v2="80" v3="18"/>
                <face v1="135" v2="109" v3="136"/>
                <face v1="80" v2="137" v3="125"/>
                <face v1="135" v2="81" v3="137"/>
                <face v1="106" v2="56" v3="136"/>
                <face v1="60" v2="138" v3="127"/>
                <face v1="135" v2="80" v3="109"/>
                <face v1="123" v2="139" v3="100"/>
                <face v1="87" v2="79" v3="140"/>
                <face v1="90" v2="35" v3="63"/>
                <face v1="140" v2="141" v3="23"/>
                <face v1="116" v2="142" v3="61"/>
                <face v1="84" v2="143" v3="144"/>
                <face v1="145" v2="21" v3="146"/>
                <face v1="101" v2="147" v3="65"/>
                <face v1="142" v2="85" v3="61"/>
                <face v1="70" v2="19" v3="110"/>
                <face v1="7" v2="148" v3="113"/>
                <face v1="13" v2="37" v3="14"/>
                <face v1="66" v2="149" v3="67"/>
                <face v1="93" v2="150" v3="17"/>
                <face v1="142" v2="151" v3="143"/>
                <face v1="52" v2="29" v3="99"/>
                <face v1="77" v2="88" v3="86"/>
                <face v1="71" v2="131" v3="152"/>
                <face v1="129" v2="128" v3="153"/>
                <face v1="112" v2="88" v3="87"/>
                <face v1="154" v2="155" v3="27"/>
                <face v1="26" v2="156" v3="157"/>
                <face v1="34" v2="4" v3="3"/>
                <face v1="61" v2="32" v3="31"/>
                <face v1="3" v2="158" v3="33"/>
                <face v1="67" v2="74" v3="76"/>
                <face v1="19" v2="125" v3="128"/>
                <face v1="26" v2="20" v3="156"/>
                <face v1="100" v2="76" v3="124"/>
                <face v1="159" v2="107" v3="150"/>
                <face v1="160" v2="50" v3="28"/>
                <face v1="90" v2="120" v3="146"/>
                <face v1="113" v2="148" v3="161"/>
                <face v1="98" v2="97" v3="34"/>
                <face v1="135" v2="137" v3="80"/>
                <face v1="9" v2="82" v3="136"/>
                <face v1="14" v2="16" v3="12"/>
                <face v1="102" v2="52" v3="103"/>
                <face v1="10" v2="162" v3="11"/>
                <face v1="132" v2="163" v3="24"/>
                <face v1="9" v2="136" v3="56"/>
                <face v1="84" v2="164" v3="59"/>
                <face v1="165" v2="112" v3="130"/>
                <face v1="83" v2="166" v3="149"/>
                <face v1="121" v2="142" v3="116"/>
                <face v1="71" v2="73" v3="131"/>
                <face v1="103" v2="52" v3="51"/>
                <face v1="167" v2="168" v3="12"/>
                <face v1="169" v2="90" v3="89"/>
                <face v1="159" v2="93" v3="92"/>
                <face v1="12" v2="170" v3="167"/>
                <face v1="160" v2="115" v3="94"/>
                <face v1="93" v2="159" v3="150"/>
                <face v1="112" v2="131" v3="130"/>
                <face v1="86" v2="39" v3="38"/>
                <face v1="49" v2="98" v3="44"/>
                <face v1="56" v2="10" v3="9"/>
                <face v1="107" v2="57" v3="56"/>
                <face v1="1" v2="0" v3="43"/>
                <face v1="106" v2="136" v3="109"/>
                <face v1="76" v2="100" v3="65"/>
                <face v1="157" v2="25" v3="26"/>
                <face v1="60" v2="59" v3="171"/>
                <face v1="48" v2="97" v3="49"/>
                <face v1="60" v2="32" v3="61"/>
                <face v1="170" v2="15" v3="172"/>
                <face v1="34" v2="8" v3="98"/>
                <face v1="21" v2="16" v3="36"/>
                <face v1="21" v2="36" v3="146"/>
                <face v1="114" v2="113" v3="161"/>
                <face v1="146" v2="120" v3="145"/>
                <face v1="106" v2="17" v3="150"/>
                <face v1="70" v2="93" v3="17"/>
                <face v1="47" v2="5" v3="173"/>
                <face v1="8" v2="7" v3="98"/>
                <face v1="24" v2="131" v3="112"/>
                <face v1="140" v2="79" v3="78"/>
                <face v1="2" v2="69" v3="51"/>
                <face v1="174" v2="175" v3="165"/>
                <face v1="176" v2="177" v3="178"/>
                <face v1="16" v2="26" v3="15"/>
                <face v1="138" v2="78" v3="126"/>
                <face v1="37" v2="13" v3="53"/>
                <face v1="112" v2="87" v3="22"/>
                <face v1="172" v2="15" v3="25"/>
                <face v1="34" v2="97" v3="179"/>
                <face v1="124" v2="123" v3="100"/>
                <face v1="76" v2="75" v3="124"/>
                <face v1="43" v2="49" v3="44"/>
                <face v1="50" v2="29" v3="28"/>
                <face v1="64" v2="54" v3="180"/>
                <face v1="94" v2="50" v3="160"/>
                <face v1="135" v2="136" v3="81"/>
                <face v1="134" v2="74" v3="181"/>
                <face v1="67" v2="162" v3="74"/>
                <face v1="83" v2="82" v3="166"/>
                <face v1="70" v2="91" v3="93"/>
                <face v1="31" v2="116" v3="61"/>
                <face v1="12" v2="15" v3="170"/>
                <face v1="1" v2="45" v3="178"/>
                <face v1="82" v2="81" v3="136"/>
                <face v1="125" v2="137" v3="128"/>
                <face v1="21" v2="182" v3="20"/>
                <face v1="145" v2="183" v3="182"/>
                <face v1="82" v2="11" v3="166"/>
                <face v1="37" v2="36" v3="14"/>
                <face v1="90" v2="146" v3="133"/>
                <face v1="7" v2="44" v3="98"/>
                <face v1="166" v2="11" v3="162"/>
                <face v1="4" v2="179" v3="5"/>
                <face v1="10" v2="55" v3="162"/>
                <face v1="184" v2="163" v3="132"/>
                <face v1="111" v2="91" v3="70"/>
                <face v1="108" v2="115" v3="28"/>
                <face v1="185" v2="58" v3="47"/>
                <face v1="99" v2="0" v3="52"/>
                <face v1="124" v2="75" v3="122"/>
                <face v1="151" v2="142" v3="121"/>
                <face v1="39" v2="86" v3="186"/>
                <face v1="187" v2="188" v3="173"/>
                <face v1="175" v2="186" v3="86"/>
                <face v1="64" v2="180" v3="62"/>
                <face v1="9" v2="11" v3="82"/>
                <face v1="78" v2="77" v3="126"/>
                <face v1="30" v2="32" v3="38"/>
                <face v1="20" v2="26" v3="16"/>
                <face v1="119" v2="90" v3="169"/>
                <face v1="99" v2="49" v3="43"/>
                <face v1="189" v2="117" v3="31"/>
                <face v1="60" v2="171" v3="138"/>
                <face v1="66" v2="65" v3="147"/>
                <face v1="122" v2="75" v3="40"/>
                <face v1="29" v2="52" v3="102"/>
                <face v1="182" v2="21" v3="145"/>
                <face v1="17" v2="109" v3="18"/>
                <face v1="165" v2="88" v3="112"/>
                <face v1="114" v2="176" v3="178"/>
                <face v1="190" v2="189" v3="30"/>
                <face v1="53" v2="168" v3="191"/>
                <face v1="86" v2="88" v3="175"/>
                <face v1="74" v2="162" v3="55"/>
                <face v1="38" v2="127" v3="77"/>
                <face v1="134" v2="192" v3="46"/>
                <face v1="140" v2="23" v3="22"/>
                <face v1="59" v2="164" v3="171"/>
                <face v1="150" v2="107" v3="106"/>
                <face v1="12" v2="168" v3="13"/>
                <face v1="65" v2="67" v3="76"/>
                <face v1="39" v2="190" v3="30"/>
                <face v1="5" v2="96" v3="173"/>
                <face v1="139" v2="101" v3="100"/>
                <face v1="154" v2="27" v3="102"/>
                <face v1="2" v2="178" v3="177"/>
                <face v1="53" v2="13" v3="168"/>
                <face v1="84" v2="144" v3="193"/>
                <face v1="55" v2="57" v3="181"/>
                <face v1="55" v2="181" v3="74"/>
                <face v1="60" v2="127" v3="32"/>
                <face v1="133" v2="146" v3="36"/>
                <face v1="188" v2="185" v3="47"/>
                <face v1="53" v2="191" v3="180"/>
                <face v1="180" v2="54" v3="53"/>
                <face v1="105" v2="50" v3="94"/>
                <face v1="64" v2="63" v3="35"/>
                <face v1="173" v2="188" v3="47"/>
                <face v1="87" v2="140" v3="22"/>
                <face v1="29" v2="102" v3="27"/>
                <face v1="50" v2="99" v3="29"/>
                <face v1="59" v2="61" v3="85"/>
                <face v1="127" v2="38" v3="32"/>
                <face v1="90" v2="133" v3="35"/>
                <face v1="152" v2="24" v3="163"/>
                <face v1="104" v2="154" v3="102"/>
                <face v1="54" v2="35" v3="37"/>
                <face v1="33" v2="8" v3="34"/>
                <face v1="179" v2="48" v3="5"/>
                <face v1="142" v2="143" v3="85"/>
                <face v1="34" v2="179" v3="4"/>
                <face v1="48" v2="50" v3="105"/>
                <face v1="58" v2="185" v3="158"/>
                <face v1="127" v2="138" v3="126"/>
                <face v1="91" v2="111" v3="92"/>
                <face v1="2" v2="51" v3="0"/>
                <face v1="6" v2="148" v3="7"/>
                <face v1="166" v2="162" v3="149"/>
                <face v1="84" v2="85" v3="143"/>
                <face v1="149" v2="162" v3="67"/>
                <face v1="178" v2="45" v3="114"/>
                <face v1="30" v2="189" v3="31"/>
                <face v1="36" v2="16" v3="14"/>
                <face v1="141" v2="132" v3="23"/>
                <face v1="94" v2="96" v3="105"/>
                <face v1="1" v2="178" v3="2"/>
                <face v1="115" v2="160" v3="28"/>
                <face v1="0" v2="99" v3="43"/>
                <face v1="69" v2="103" v3="51"/>
                <face v1="40" v2="42" v3="122"/>
                <face v1="48" v2="179" v3="97"/>
                <face v1="175" v2="88" v3="165"/>
                <face v1="79" v2="88" v3="77"/>
                <face v1="68" v2="2" v3="177"/>
                <face v1="54" v2="64" v3="35"/>
                <face v1="3" v2="58" v3="158"/>
                <face v1="40" v2="75" v3="46"/>
                <face v1="24" v2="152" v3="131"/>
                <face v1="44" v2="7" v3="113"/>
                <face v1="44" v2="113" v3="45"/>
                <face v1="194" v2="41" v3="46"/>
                <face v1="195" v2="27" v3="155"/>
                <face v1="27" v2="195" v3="108"/>
                <face v1="194" v2="46" v3="192"/>
                <face v1="20" v2="182" v3="156"/>
                <face v1="156" v2="182" v3="183"/>
            </faces>
        </submesh>
    </submeshes>
    <submeshnames>
        <submesh index="0" name="StonesMat_01"/>
    </submeshnames>
</mesh>
