<?xml version="1.0" encoding="UTF-8"?>
<mesh>
    <sharedgeometry vertexcount="4">
        <vertexbuffer normals="true" positions="true" texture_coords="0" colours_diffuse="False">
            <vertex>
                <position x="-1.000000" y="0.000000" z="1.000000"/>
                <normal x="0.000000" y="1.000000" z="-0.000000"/>
            </vertex>
            <vertex>
                <position x="1.000000" y="0.000000" z="1.000000"/>
                <normal x="0.000000" y="1.000000" z="-0.000000"/>
            </vertex>
            <vertex>
                <position x="1.000000" y="0.000000" z="-1.000000"/>
                <normal x="0.000000" y="1.000000" z="-0.000000"/>
            </vertex>
            <vertex>
                <position x="-1.000000" y="0.000000" z="-1.000000"/>
                <normal x="0.000000" y="1.000000" z="-0.000000"/>
            </vertex>
        </vertexbuffer>
    </sharedgeometry>
    <submeshes>
        <submesh use32bitindexes="False" operationtype="triangle_list" usesharedvertices="true" material="EP">
            <faces count="2">
                <face v1="0" v3="2" v2="1"/>
                <face v1="0" v3="3" v2="2"/>
            </faces>
        </submesh>
    </submeshes>
    <submeshnames>
        <submesh index="0" name="EP">
        </submesh>
    </submeshnames>
</mesh>