<?xml version="1.0" encoding="UTF-8"?>
<mesh>
    <sharedgeometry vertexcount="196">
        <vertexbuffer positions="true" texture_coords="1" colours_diffuse="False" normals="true">
            <vertex>
                <position x="-4.348434" z="-31.116028" y="-20.193230"/>
                <normal x="0.051851" z="-0.807459" y="-0.587603"/>
                <texcoord v="0.423751" u="0.207913"/>
            </vertex>
            <vertex>
                <position x="-6.915588" z="-28.505066" y="-22.909607"/>
                <normal x="-0.152348" z="-0.694815" y="-0.702841"/>
                <texcoord v="0.431600" u="0.191263"/>
            </vertex>
            <vertex>
                <position x="-7.731030" z="-32.457512" y="-17.919716"/>
                <normal x="-0.278756" z="-0.838862" y="-0.467483"/>
                <texcoord v="0.439203" u="0.216459"/>
            </vertex>
            <vertex>
                <position x="-2.379238" z="6.587341" y="-34.339531"/>
                <normal x="0.425947" z="0.236274" y="-0.873318"/>
                <texcoord v="0.365526" u="0.049343"/>
            </vertex>
            <vertex>
                <position x="0.621159" z="-0.540421" y="-34.294571"/>
                <normal x="0.451064" z="0.159734" y="-0.878079"/>
                <texcoord v="0.368154" u="0.082725"/>
            </vertex>
            <vertex>
                <position x="3.358166" z="0.044533" y="-30.626396"/>
                <normal x="0.818934" z="0.265023" y="-0.508957"/>
                <texcoord v="0.348819" u="0.087976"/>
            </vertex>
            <vertex>
                <position x="-14.327810" z="3.626862" y="-33.840729"/>
                <normal x="-0.504379" z="0.099094" y="-0.857753"/>
                <texcoord v="0.424803" u="0.037827"/>
            </vertex>
            <vertex>
                <position x="-7.772629" z="-10.309624" y="-32.942001"/>
                <normal x="-0.275796" z="-0.261605" y="-0.924894"/>
                <texcoord v="0.415907" u="0.107141"/>
            </vertex>
            <vertex>
                <position x="-11.177284" z="1.454071" y="-34.407227"/>
                <normal x="-0.175756" z="-0.111270" y="-0.978118"/>
                <texcoord v="0.413284" u="0.052777"/>
            </vertex>
            <vertex>
                <position x="-18.690434" z="-6.352928" y="23.943054"/>
                <normal x="-0.229621" z="0.006561" y="0.973235"/>
                <texcoord v="0.047495" u="0.193090"/>
            </vertex>
            <vertex>
                <position x="-14.419035" z="-13.779808" y="24.431993"/>
                <normal x="-0.094852" z="-0.085299" y="0.991821"/>
                <texcoord v="0.053345" u="0.229196"/>
            </vertex>
            <vertex>
                <position x="-18.017868" z="-13.627419" y="23.534355"/>
                <normal x="-0.371532" z="-0.199805" y="0.906644"/>
                <texcoord v="0.038791" u="0.223495"/>
            </vertex>
            <vertex>
                <position x="-11.085449" z="-2.356361" y="20.546976"/>
                <normal x="0.656545" z="0.422437" y="0.624866"/>
                <texcoord v="0.115481" u="0.226338"/>
            </vertex>
            <vertex>
                <position x="-11.683823" z="13.983746" y="8.469345"/>
                <normal x="0.711478" z="0.458205" y="0.532701"/>
                <texcoord v="0.120865" u="0.134867"/>
            </vertex>
            <vertex>
                <position x="-5.728767" z="-0.952934" y="12.354097"/>
                <normal x="0.725913" z="0.446608" y="0.522996"/>
                <texcoord v="0.152771" u="0.201993"/>
            </vertex>
            <vertex>
                <position x="-5.122826" z="-12.370140" y="21.443460"/>
                <normal x="0.703146" z="0.229133" y="0.673086"/>
                <texcoord v="0.148315" u="0.266611"/>
            </vertex>
            <vertex>
                <position x="-3.574940" z="-10.299751" y="18.090511"/>
                <normal x="0.756920" z="0.375530" y="0.534806"/>
                <texcoord v="0.158675" u="0.251218"/>
            </vertex>
            <vertex>
                <position x="-21.710840" z="9.671810" y="18.895233"/>
                <normal x="-0.159032" z="0.579028" y="0.799615"/>
                <texcoord v="0.056642" u="0.120850"/>
            </vertex>
            <vertex>
                <position x="-25.015675" z="9.066158" y="17.775059"/>
                <normal x="-0.481246" z="0.474807" y="0.736808"/>
                <texcoord v="0.042765" u="0.117611"/>
            </vertex>
            <vertex>
                <position x="-26.386591" z="11.275967" y="15.137102"/>
                <normal x="-0.636586" z="0.540269" y="0.550310"/>
                <texcoord v="0.038985" u="0.103362"/>
            </vertex>
            <vertex>
                <position x="6.397713" z="-15.075104" y="4.211426"/>
                <normal x="0.874203" z="0.140110" y="0.464858"/>
                <texcoord v="0.236007" u="0.237474"/>
            </vertex>
            <vertex>
                <position x="5.935314" z="-10.242943" y="2.276730"/>
                <normal x="0.875759" z="0.326701" y="0.355358"/>
                <texcoord v="0.231900" u="0.214715"/>
            </vertex>
            <vertex>
                <position x="-24.284094" z="-11.104599" y="6.160074"/>
                <normal x="-0.937956" z="-0.346721" y="-0.003510"/>
                <texcoord v="0.411344" u="0.354896"/>
            </vertex>
            <vertex>
                <position x="-26.597088" z="-5.506424" y="16.396643"/>
                <normal x="-0.946196" z="-0.318979" y="0.054262"/>
                <texcoord v="0.415627" u="0.300574"/>
            </vertex>
            <vertex>
                <position x="-20.696810" z="-20.870575" y="13.916374"/>
                <normal x="-0.888882" z="-0.445967" y="0.104617"/>
                <texcoord v="0.470574" u="0.353666"/>
            </vertex>
            <vertex>
                <position x="-3.352467" z="-16.438507" y="19.273951"/>
                <normal x="0.733238" z="-0.257241" y="0.629414"/>
                <texcoord v="0.166856" u="0.278032"/>
            </vertex>
            <vertex>
                <position x="-0.176842" z="-13.453949" y="14.301422"/>
                <normal x="0.838374" z="0.150304" y="0.523942"/>
                <texcoord v="0.184983" u="0.254558"/>
            </vertex>
            <vertex>
                <position x="8.961231" z="-23.992462" y="-4.744747"/>
                <normal x="0.942778" z="-0.286477" y="-0.170476"/>
                <texcoord v="0.335043" u="0.253429"/>
            </vertex>
            <vertex>
                <position x="7.846928" z="-22.136581" y="-10.325699"/>
                <normal x="0.911130" z="-0.303049" y="-0.279214"/>
                <texcoord v="0.343389" u="0.226585"/>
            </vertex>
            <vertex>
                <position x="3.148899" z="-26.166710" y="-17.261765"/>
                <normal x="0.819819" z="-0.419568" y="-0.389660"/>
                <texcoord v="0.382430" u="0.209843"/>
            </vertex>
            <vertex>
                <position x="-13.007725" z="11.335682" y="-30.802994"/>
                <normal x="-0.591845" z="0.510880" y="-0.623463"/>
                <texcoord v="0.212629" u="0.447978"/>
            </vertex>
            <vertex>
                <position x="-10.001888" z="14.595192" y="-29.997917"/>
                <normal x="-0.379681" z="0.689169" y="-0.617115"/>
                <texcoord v="0.193941" u="0.439909"/>
            </vertex>
            <vertex>
                <position x="-16.219284" z="17.055260" y="-20.713600"/>
                <normal x="-0.580676" z="0.612293" y="-0.536515"/>
                <texcoord v="0.217310" u="0.394508"/>
            </vertex>
            <vertex>
                <position x="-10.720764" z="8.291908" y="-34.645790"/>
                <normal x="-0.296731" z="0.273019" y="-0.915067"/>
                <texcoord v="0.398383" u="0.022188"/>
            </vertex>
            <vertex>
                <position x="-2.751606" z="-3.250893" y="-34.505371"/>
                <normal x="-0.008972" z="-0.051271" y="-0.998627"/>
                <texcoord v="0.385865" u="0.086503"/>
            </vertex>
            <vertex>
                <position x="-0.288193" z="16.812180" y="-10.801140"/>
                <normal x="0.784661" z="0.519944" y="0.337535"/>
                <texcoord v="0.205738" u="0.080478"/>
            </vertex>
            <vertex>
                <position x="1.203800" z="0.613228" y="0.541630"/>
                <normal x="0.812891" z="0.395520" y="0.427442"/>
                <texcoord v="0.204961" u="0.168763"/>
            </vertex>
            <vertex>
                <position x="-3.739265" z="8.885265" y="2.105574"/>
                <normal x="0.756066" z="0.419568" y="0.502274"/>
                <texcoord v="0.171490" u="0.140433"/>
            </vertex>
            <vertex>
                <position x="-21.865482" z="7.014664" y="-23.129486"/>
                <normal x="-0.692984" z="0.425367" y="-0.582049"/>
                <texcoord v="0.261259" u="0.420609"/>
            </vertex>
            <vertex>
                <position x="-14.327810" z="3.626862" y="-33.840729"/>
                <normal x="-0.504379" z="0.099094" y="-0.857753"/>
                <texcoord v="0.237759" u="0.478100"/>
            </vertex>
            <vertex>
                <position x="3.201660" z="-30.724075" y="-1.962872"/>
                <normal x="0.510117" z="-0.729942" y="0.454878"/>
                <texcoord v="0.084988" u="0.393223"/>
            </vertex>
            <vertex>
                <position x="8.301327" z="-26.422508" y="-2.353472"/>
                <normal x="0.831965" z="-0.522019" y="0.187811"/>
                <texcoord v="0.116728" u="0.392900"/>
            </vertex>
            <vertex>
                <position x="4.113575" z="-32.110970" y="-5.745331"/>
                <normal x="0.709647" z="-0.700522" y="0.074953"/>
                <texcoord v="0.084964" u="0.412836"/>
            </vertex>
            <vertex>
                <position x="-3.115162" z="-24.187668" y="-27.409195"/>
                <normal x="0.166967" z="-0.589251" y="-0.790460"/>
                <texcoord v="0.412606" u="0.169933"/>
            </vertex>
            <vertex>
                <position x="-4.059566" z="-18.912018" y="-30.950211"/>
                <normal x="0.015900" z="-0.472182" y="-0.881344"/>
                <texcoord v="0.410571" u="0.145244"/>
            </vertex>
            <vertex>
                <position x="-11.067112" z="-22.966240" y="-25.861336"/>
                <normal x="-0.364696" z="-0.504868" y="-0.782342"/>
                <texcoord v="0.444679" u="0.162868"/>
            </vertex>
            <vertex>
                <position x="3.257511" z="-25.571976" y="4.385414"/>
                <normal x="0.605640" z="-0.556902" y="0.568346"/>
                <texcoord v="0.098396" u="0.357438"/>
            </vertex>
            <vertex>
                <position x="-0.227478" z="13.475567" y="-27.200905"/>
                <normal x="0.728385" z="0.373547" y="-0.574358"/>
                <texcoord v="0.321739" u="0.025361"/>
            </vertex>
            <vertex>
                <position x="4.686916" z="-7.760681" y="-31.024811"/>
                <normal x="0.839534" z="-0.136387" y="-0.525864"/>
                <texcoord v="0.362523" u="0.117375"/>
            </vertex>
            <vertex>
                <position x="1.575840" z="-15.404121" y="-29.722229"/>
                <normal x="0.655599" z="-0.443678" y="-0.610981"/>
                <texcoord v="0.384066" u="0.142185"/>
            </vertex>
            <vertex>
                <position x="6.722324" z="-11.934975" y="-23.693741"/>
                <normal x="0.858211" z="-0.314982" y="-0.405225"/>
                <texcoord v="0.348778" u="0.150827"/>
            </vertex>
            <vertex>
                <position x="-4.957912" z="-34.904076" y="-13.452286"/>
                <normal x="-0.023133" z="-0.935575" y="-0.352336"/>
                <texcoord v="0.430300" u="0.239952"/>
            </vertex>
            <vertex>
                <position x="-0.345272" z="-31.713570" y="-17.817116"/>
                <normal x="0.510880" z="-0.724174" y="-0.463179"/>
                <texcoord v="0.408361" u="0.219225"/>
            </vertex>
            <vertex>
                <position x="-11.684387" z="18.843849" y="4.112202"/>
                <normal x="0.608783" z="0.637532" y="0.472091"/>
                <texcoord v="0.125275" u="0.105980"/>
            </vertex>
            <vertex>
                <position x="-4.215328" z="15.862309" y="-3.669037"/>
                <normal x="0.689200" z="0.552202" y="0.469069"/>
                <texcoord v="0.175140" u="0.099929"/>
            </vertex>
            <vertex>
                <position x="-9.677555" z="-15.775764" y="24.246466"/>
                <normal x="0.234687" z="-0.261330" y="0.936247"/>
                <texcoord v="0.068863" u="0.244221"/>
            </vertex>
            <vertex>
                <position x="-16.885397" z="-2.385338" y="23.796284"/>
                <normal x="0.090884" z="0.210181" y="0.973418"/>
                <texcoord v="0.061026" u="0.179766"/>
            </vertex>
            <vertex>
                <position x="-8.293579" z="-11.712143" y="23.399025"/>
                <normal x="0.398877" z="0.242561" y="0.884335"/>
                <texcoord v="0.082250" u="0.230871"/>
            </vertex>
            <vertex>
                <position x="-3.787003" z="11.414845" y="-32.857658"/>
                <normal x="0.480361" z="0.445631" y="-0.755394"/>
                <texcoord v="0.357394" u="0.025728"/>
            </vertex>
            <vertex>
                <position x="-19.359821" z="24.055775" y="-6.335640"/>
                <normal x="-0.215979" z="0.970763" y="-0.104587"/>
                <texcoord v="0.218806" u="0.325013"/>
            </vertex>
            <vertex>
                <position x="-22.246235" z="21.717411" y="-8.581326"/>
                <normal x="-0.514512" z="0.745323" y="-0.423933"/>
                <texcoord v="0.233853" u="0.335628"/>
            </vertex>
            <vertex>
                <position x="-12.611362" z="22.744095" y="-16.669952"/>
                <normal x="-0.187750" z="0.881405" y="-0.433393"/>
                <texcoord v="0.193775" u="0.370283"/>
            </vertex>
            <vertex>
                <position x="-6.941509" z="22.840000" y="-11.864349"/>
                <normal x="0.391217" z="0.917173" y="0.075503"/>
                <texcoord v="0.179300" u="0.049709"/>
            </vertex>
            <vertex>
                <position x="-0.339142" z="19.342159" y="-17.710148"/>
                <normal x="0.587817" z="0.806269" y="-0.065981"/>
                <texcoord v="0.222435" u="0.052078"/>
            </vertex>
            <vertex>
                <position x="-3.358173" z="19.560825" y="-9.633377"/>
                <normal x="0.614673" z="0.703818" y="0.356059"/>
                <texcoord v="0.189093" u="0.071675"/>
            </vertex>
            <vertex>
                <position x="-12.741722" z="-29.693283" y="8.680851"/>
                <normal x="-0.084658" z="-0.861904" y="0.499924"/>
                <texcoord v="0.023683" u="0.327956"/>
            </vertex>
            <vertex>
                <position x="-18.354239" z="-23.997704" y="15.740910"/>
                <normal x="-0.533555" z="-0.737297" y="0.414319"/>
                <texcoord v="0.012063" u="0.278876"/>
            </vertex>
            <vertex>
                <position x="-12.110353" z="-22.258598" y="19.321045"/>
                <normal x="0.079226" z="-0.761528" y="0.643239"/>
                <texcoord v="0.045904" u="0.272962"/>
            </vertex>
            <vertex>
                <position x="-12.307919" z="-34.110626" y="-7.237259"/>
                <normal x="-0.565111" z="-0.809046" y="-0.161351"/>
                <texcoord v="0.472039" u="0.259897"/>
            </vertex>
            <vertex>
                <position x="-10.089195" z="-35.599915" y="-5.513603"/>
                <normal x="-0.285104" z="-0.958159" y="0.024537"/>
                <texcoord v="0.462637" u="0.272453"/>
            </vertex>
            <vertex>
                <position x="-23.427643" z="16.561016" y="11.536121"/>
                <normal x="-0.353893" z="0.745109" y="0.565233"/>
                <texcoord v="0.055489" u="0.079682"/>
            </vertex>
            <vertex>
                <position x="-13.485172" z="-32.883110" y="1.616257"/>
                <normal x="-0.428480" z="-0.872066" y="0.236335"/>
                <texcoord v="0.490655" u="0.437392"/>
            </vertex>
            <vertex>
                <position x="-10.089195" z="-35.599915" y="-5.513603"/>
                <normal x="-0.285104" z="-0.958159" y="0.024537"/>
                <texcoord v="0.487602" u="0.475904"/>
            </vertex>
            <vertex>
                <position x="-12.307919" z="-34.110626" y="-7.237259"/>
                <normal x="-0.565111" z="-0.809046" y="-0.161351"/>
                <texcoord v="0.472912" u="0.475133"/>
            </vertex>
            <vertex>
                <position x="-7.314205" z="-20.095650" y="19.823725"/>
                <normal x="0.409284" z="-0.628193" y="0.661672"/>
                <texcoord v="0.069764" u="0.272848"/>
            </vertex>
            <vertex>
                <position x="-2.419762" z="-29.798187" y="4.775616"/>
                <normal x="0.406323" z="-0.746330" y="0.527146"/>
                <texcoord v="0.065636" u="0.357249"/>
            </vertex>
            <vertex>
                <position x="-8.104584" z="-30.107445" y="7.536676"/>
                <normal x="0.180670" z="-0.828211" y="0.530473"/>
                <texcoord v="0.042493" u="0.339640"/>
            </vertex>
            <vertex>
                <position x="-28.568357" z="6.310188" y="-15.530289"/>
                <normal x="-0.923612" z="0.141484" y="-0.356182"/>
                <texcoord v="0.290956" u="0.388244"/>
            </vertex>
            <vertex>
                <position x="-30.289495" z="9.979237" y="6.339945"/>
                <normal x="-0.979614" z="0.147160" y="0.136540"/>
                <texcoord v="0.328963" u="0.297250"/>
            </vertex>
            <vertex>
                <position x="-27.717262" z="0.090752" y="-12.084938"/>
                <normal x="-0.969604" z="-0.233802" y="-0.071932"/>
                <texcoord v="0.321522" u="0.391323"/>
            </vertex>
            <vertex>
                <position x="-26.317173" z="6.142525" y="18.209496"/>
                <normal x="-0.676015" z="0.276193" y="0.683126"/>
                <texcoord v="0.033438" u="0.126691"/>
            </vertex>
            <vertex>
                <position x="-26.356682" z="-4.824699" y="19.310059"/>
                <normal x="-0.837581" z="-0.185125" y="0.513962"/>
                <texcoord v="0.011316" u="0.171593"/>
            </vertex>
            <vertex>
                <position x="-22.350641" z="-7.859390" y="22.244656"/>
                <normal x="-0.547441" z="-0.119327" y="0.828272"/>
                <texcoord v="0.028403" u="0.192952"/>
            </vertex>
            <vertex>
                <position x="-22.424992" z="-15.051750" y="20.064749"/>
                <normal x="-0.802332" z="-0.359844" y="0.476180"/>
                <texcoord v="0.012260" u="0.223602"/>
            </vertex>
            <vertex>
                <position x="-19.754065" z="22.908325" y="2.757444"/>
                <normal x="-0.004151" z="0.933256" y="0.359172"/>
                <texcoord v="0.219010" u="0.284422"/>
            </vertex>
            <vertex>
                <position x="-13.363895" z="24.423889" y="-11.539597"/>
                <normal x="-0.009583" z="0.993347" y="-0.114505"/>
                <texcoord v="0.194569" u="0.347584"/>
            </vertex>
            <vertex>
                <position x="-26.764107" z="0.816208" y="-21.188301"/>
                <normal x="-0.907468" z="0.041505" y="-0.418012"/>
                <texcoord v="0.296583" u="0.422335"/>
            </vertex>
            <vertex>
                <position x="-26.048712" z="-6.660515" y="-3.978550"/>
                <normal x="-0.947081" z="-0.319742" y="-0.027497"/>
                <texcoord v="0.367351" u="0.379817"/>
            </vertex>
            <vertex>
                <position x="-25.809959" z="-4.359421" y="-18.835224"/>
                <normal x="-0.937132" z="-0.310495" y="-0.159124"/>
                <texcoord v="0.321033" u="0.427790"/>
            </vertex>
            <vertex>
                <position x="1.678951" z="17.099117" y="-21.862015"/>
                <normal x="0.723563" z="0.653829" y="-0.221107"/>
                <texcoord v="0.245964" u="0.049887"/>
            </vertex>
            <vertex>
                <position x="2.247829" z="14.429379" y="-15.125095"/>
                <normal x="0.907804" z="0.387341" y="0.160680"/>
                <texcoord v="0.230172" u="0.078691"/>
            </vertex>
            <vertex>
                <position x="-20.516766" z="19.062405" y="8.576843"/>
                <normal x="0.005402" z="0.816218" y="0.577685"/>
                <texcoord v="0.068951" u="0.064240"/>
            </vertex>
            <vertex>
                <position x="-14.632059" z="21.028652" y="4.133957"/>
                <normal x="0.371471" z="0.822932" y="0.429823"/>
                <texcoord v="0.098016" u="0.045610"/>
            </vertex>
            <vertex>
                <position x="-18.815308" z="13.498676" y="15.275005"/>
                <normal x="0.201422" z="0.706656" y="0.678243"/>
                <texcoord v="0.071909" u="0.101516"/>
            </vertex>
            <vertex>
                <position x="8.854263" z="-7.031136" y="-21.400909"/>
                <normal x="0.975280" z="-0.005188" y="-0.220832"/>
                <texcoord v="0.324592" u="0.142425"/>
            </vertex>
            <vertex>
                <position x="8.936100" z="-7.113304" y="-16.527298"/>
                <normal x="0.981994" z="0.166051" y="0.089755"/>
                <texcoord v="0.308634" u="0.158193"/>
            </vertex>
            <vertex>
                <position x="8.115269" z="-3.440903" y="-22.881058"/>
                <normal x="0.951842" z="0.200568" y="-0.231788"/>
                <texcoord v="0.318839" u="0.124062"/>
            </vertex>
            <vertex>
                <position x="1.955109" z="-7.483215" y="-34.207382"/>
                <normal x="0.414289" z="-0.198584" y="-0.888180"/>
                <texcoord v="0.375737" u="0.108829"/>
            </vertex>
            <vertex>
                <position x="-1.604340" z="-12.946060" y="-33.476395"/>
                <normal x="0.165441" z="-0.354381" y="-0.920316"/>
                <texcoord v="0.395021" u="0.123699"/>
            </vertex>
            <vertex>
                <position x="-1.281437" z="-28.162025" y="-23.163567"/>
                <normal x="0.455336" z="-0.635609" y="-0.623371"/>
                <texcoord v="0.409022" u="0.193477"/>
            </vertex>
            <vertex>
                <position x="-7.760017" z="-34.479851" y="-0.947773"/>
                <normal x="0.034791" z="-0.931394" y="0.362285"/>
                <texcoord v="0.031490" u="0.382285"/>
            </vertex>
            <vertex>
                <position x="-13.485172" z="-32.883110" y="1.616257"/>
                <normal x="-0.428480" z="-0.872066" y="0.236335"/>
                <texcoord v="0.009596" u="0.361482"/>
            </vertex>
            <vertex>
                <position x="1.556499" z="-32.845711" y="-12.553223"/>
                <normal x="0.645222" z="-0.696524" y="-0.313822"/>
                <texcoord v="0.399627" u="0.241814"/>
            </vertex>
            <vertex>
                <position x="-3.532749" z="-36.269470" y="-8.858437"/>
                <normal x="0.128086" z="-0.989135" y="-0.071780"/>
                <texcoord v="0.425624" u="0.263316"/>
            </vertex>
            <vertex>
                <position x="0.920067" z="-34.662773" y="-7.213776"/>
                <normal x="0.472091" z="-0.877773" y="0.081332"/>
                <texcoord v="0.400718" u="0.268206"/>
            </vertex>
            <vertex>
                <position x="6.585560" z="-7.403778" y="-26.136963"/>
                <normal x="0.920560" z="-0.111057" y="-0.374432"/>
                <texcoord v="0.343989" u="0.129160"/>
            </vertex>
            <vertex>
                <position x="-19.246025" z="4.334625" y="21.920286"/>
                <normal x="0.009003" z="0.364635" y="0.931089"/>
                <texcoord v="0.060769" u="0.147914"/>
            </vertex>
            <vertex>
                <position x="-15.442810" z="2.808113" y="21.483036"/>
                <normal x="0.442701" z="0.391400" y="0.806696"/>
                <texcoord v="0.076501" u="0.158096"/>
            </vertex>
            <vertex>
                <position x="9.511013" z="-18.671211" y="-5.425037"/>
                <normal x="0.997223" z="-0.023682" y="-0.070406"/>
                <texcoord v="0.315046" u="0.236217"/>
            </vertex>
            <vertex>
                <position x="-23.319864" z="4.264442" y="21.003361"/>
                <normal x="-0.404950" z="0.286721" y="0.868191"/>
                <texcoord v="0.044068" u="0.141957"/>
            </vertex>
            <vertex>
                <position x="-24.336784" z="22.540398" y="0.464722"/>
                <normal x="-0.424329" z="0.866695" y="0.262185"/>
                <texcoord v="0.051268" u="0.023997"/>
            </vertex>
            <vertex>
                <position x="-19.754065" z="22.908325" y="2.757444"/>
                <normal x="-0.004151" z="0.933256" y="0.359172"/>
                <texcoord v="0.074106" u="0.032978"/>
            </vertex>
            <vertex>
                <position x="-19.206871" z="-24.549568" y="-5.774742"/>
                <normal x="-0.912381" z="-0.405713" y="-0.054109"/>
                <texcoord v="0.432728" u="0.437419"/>
            </vertex>
            <vertex>
                <position x="-17.491999" z="-9.899300" y="-28.841316"/>
                <normal x="-0.453047" z="-0.333079" y="-0.826899"/>
                <texcoord v="0.461659" u="0.098556"/>
            </vertex>
            <vertex>
                <position x="-18.186775" z="-19.452858" y="-23.765320"/>
                <normal x="-0.696097" z="-0.463393" y="-0.548326"/>
                <texcoord v="0.478797" u="0.147582"/>
            </vertex>
            <vertex>
                <position x="9.004009" z="-11.680801" y="-11.853844"/>
                <normal x="0.994964" z="0.086276" y="0.050783"/>
                <texcoord v="0.308409" u="0.189268"/>
            </vertex>
            <vertex>
                <position x="-8.496143" z="18.185055" y="-25.989685"/>
                <normal x="-0.055910" z="0.865200" y="-0.498245"/>
                <texcoord v="0.182428" u="0.417751"/>
            </vertex>
            <vertex>
                <position x="-5.352772" z="14.715176" y="-31.353600"/>
                <normal x="0.210059" z="0.718345" y="-0.663198"/>
                <texcoord v="0.173476" u="0.449264"/>
            </vertex>
            <vertex>
                <position x="1.319523" z="16.313564" y="-23.775978"/>
                <normal x="0.660146" z="0.587054" y="-0.468520"/>
                <texcoord v="0.135170" u="0.419660"/>
            </vertex>
            <vertex>
                <position x="8.115269" z="-3.440903" y="-22.881058"/>
                <normal x="0.951842" z="0.200568" y="-0.231788"/>
                <texcoord v="0.309829" u="0.124988"/>
            </vertex>
            <vertex>
                <position x="8.936100" z="-7.113304" y="-16.527298"/>
                <normal x="0.981994" z="0.166051" y="0.089755"/>
                <texcoord v="0.296936" u="0.156321"/>
            </vertex>
            <vertex>
                <position x="1.678951" z="17.099117" y="-21.862015"/>
                <normal x="0.723563" z="0.653829" y="-0.221107"/>
                <texcoord v="0.131909" u="0.410331"/>
            </vertex>
            <vertex>
                <position x="0.920067" z="-34.662773" y="-7.213776"/>
                <normal x="0.472091" z="-0.877773" y="0.081332"/>
                <texcoord v="0.065316" u="0.419836"/>
            </vertex>
            <vertex>
                <position x="-3.532749" z="-36.269470" y="-8.858437"/>
                <normal x="0.128086" z="-0.989135" y="-0.071780"/>
                <texcoord v="0.041391" u="0.424192"/>
            </vertex>
            <vertex>
                <position x="-3.931480" z="-34.552917" y="-2.628422"/>
                <normal x="0.243995" z="-0.894925" y="0.373547"/>
                <texcoord v="0.046944" u="0.394072"/>
            </vertex>
            <vertex>
                <position x="-29.596338" z="6.218224" y="13.499943"/>
                <normal x="-0.950224" z="0.129643" y="0.283212"/>
                <texcoord v="0.016003" u="0.111473"/>
            </vertex>
            <vertex>
                <position x="-29.960516" z="13.928951" y="-7.321537"/>
                <normal x="-0.933653" z="0.221992" y="-0.280984"/>
                <texcoord v="0.281461" u="0.340865"/>
            </vertex>
            <vertex>
                <position x="-26.339539" z="17.503040" y="-9.088146"/>
                <normal x="-0.656850" z="0.561083" y="-0.503677"/>
                <texcoord v="0.258271" u="0.342552"/>
            </vertex>
            <vertex>
                <position x="-30.289495" z="9.979237" y="6.339945"/>
                <normal x="-0.979614" z="0.147160" y="0.136540"/>
                <texcoord v="0.006889" u="0.077488"/>
            </vertex>
            <vertex>
                <position x="-26.749071" z="21.651302" y="-2.284948"/>
                <normal x="-0.660695" z="0.750511" y="-0.013733"/>
                <texcoord v="0.036372" u="0.015423"/>
            </vertex>
            <vertex>
                <position x="-15.849197" z="-30.135208" y="-10.534035"/>
                <normal x="-0.738182" z="-0.640095" y="-0.212806"/>
                <texcoord v="0.443917" u="0.472789"/>
            </vertex>
            <vertex>
                <position x="-16.901039" z="-29.552879" y="-0.722586"/>
                <normal x="-0.817896" z="-0.575182" y="0.012879"/>
                <texcoord v="0.466619" u="0.433460"/>
            </vertex>
            <vertex>
                <position x="-22.424992" z="-15.051750" y="20.064749"/>
                <normal x="-0.802332" z="-0.359844" y="0.476180"/>
                <texcoord v="0.464642" u="0.314475"/>
            </vertex>
            <vertex>
                <position x="2.545868" z="10.581051" y="-11.491180"/>
                <normal x="0.907346" z="0.305582" y="0.288614"/>
                <texcoord v="0.226897" u="0.102056"/>
            </vertex>
            <vertex>
                <position x="-3.352467" z="-16.438507" y="19.273951"/>
                <normal x="0.733238" z="-0.257241" y="0.629414"/>
                <texcoord v="0.094459" u="0.270340"/>
            </vertex>
            <vertex>
                <position x="-26.181818" z="1.184219" y="19.555321"/>
                <normal x="-0.681845" z="0.078402" y="0.727256"/>
                <texcoord v="0.025725" u="0.147218"/>
            </vertex>
            <vertex>
                <position x="-22.081818" z="-0.289070" y="22.575092"/>
                <normal x="-0.383679" z="0.114566" y="0.916288"/>
                <texcoord v="0.042661" u="0.162936"/>
            </vertex>
            <vertex>
                <position x="-28.827570" z="1.818230" y="16.190281"/>
                <normal x="-0.941252" z="-0.069277" y="0.330485"/>
                <texcoord v="0.010185" u="0.134002"/>
            </vertex>
            <vertex>
                <position x="-29.435619" z="17.986004" y="-3.802971"/>
                <normal x="-0.875301" z="0.472030" y="-0.104831"/>
                <texcoord v="0.272164" u="0.318311"/>
            </vertex>
            <vertex>
                <position x="-10.089195" z="-35.599915" y="-5.513603"/>
                <normal x="-0.285104" z="-0.958159" y="0.024537"/>
                <texcoord v="0.015091" u="0.400578"/>
            </vertex>
            <vertex>
                <position x="-28.827570" z="1.818230" y="16.190281"/>
                <normal x="-0.941252" z="-0.069277" y="0.330485"/>
                <texcoord v="0.386122" u="0.281049"/>
            </vertex>
            <vertex>
                <position x="-26.356682" z="-4.824699" y="19.310059"/>
                <normal x="-0.837581" z="-0.185125" y="0.513962"/>
                <texcoord v="0.421334" u="0.287946"/>
            </vertex>
            <vertex>
                <position x="-9.080128" z="22.295521" y="-16.320511"/>
                <normal x="0.210456" z="0.928251" y="-0.306589"/>
                <texcoord v="0.178103" u="0.371199"/>
            </vertex>
            <vertex>
                <position x="-6.941509" z="22.840000" y="-11.864349"/>
                <normal x="0.391217" z="0.917173" y="0.075503"/>
                <texcoord v="0.165610" u="0.351799"/>
            </vertex>
            <vertex>
                <position x="-10.916580" z="21.229832" y="-3.297577"/>
                <normal x="0.483840" z="0.805933" y="0.341044"/>
                <texcoord v="0.179665" u="0.311832"/>
            </vertex>
            <vertex>
                <position x="9.004009" z="-11.680801" y="-11.853844"/>
                <normal x="0.994964" z="0.086276" y="0.050783"/>
                <texcoord v="0.291043" u="0.185960"/>
            </vertex>
            <vertex>
                <position x="4.286434" z="2.217445" y="-9.007713"/>
                <normal x="0.915250" z="0.297403" y="0.271737"/>
                <texcoord v="0.240351" u="0.139565"/>
            </vertex>
            <vertex>
                <position x="-16.281488" z="-29.104515" y="7.967422"/>
                <normal x="-0.580950" z="-0.759209" y="0.293313"/>
                <texcoord v="0.006962" u="0.324158"/>
            </vertex>
            <vertex>
                <position x="-19.277939" z="-2.008904" y="-30.470161"/>
                <normal x="-0.587664" z="-0.031068" y="-0.808496"/>
                <texcoord v="0.460184" u="0.058619"/>
            </vertex>
            <vertex>
                <position x="-19.112701" z="-21.141090" y="19.382439"/>
                <normal x="-0.539750" z="-0.633686" y="0.554125"/>
                <texcoord v="0.017229" u="0.256656"/>
            </vertex>
            <vertex>
                <position x="-18.047579" z="8.019127" y="19.856131"/>
                <normal x="0.253761" z="0.539598" y="0.802728"/>
                <texcoord v="0.069959" u="0.131680"/>
            </vertex>
            <vertex>
                <position x="-0.339142" z="19.342159" y="-17.710148"/>
                <normal x="0.587817" z="0.806269" y="-0.065981"/>
                <texcoord v="0.138530" u="0.387433"/>
            </vertex>
            <vertex>
                <position x="-16.281488" z="-29.104515" y="7.967422"/>
                <normal x="-0.580950" z="-0.759209" y="0.293313"/>
                <texcoord v="0.489789" u="0.400853"/>
            </vertex>
            <vertex>
                <position x="-29.435619" z="17.986004" y="-3.802971"/>
                <normal x="-0.875301" z="0.472030" y="-0.104831"/>
                <texcoord v="0.014538" u="0.018413"/>
            </vertex>
            <vertex>
                <position x="4.113575" z="-32.110970" y="-5.745331"/>
                <normal x="0.709647" z="-0.700522" y="0.074953"/>
                <texcoord v="0.379000" u="0.269212"/>
            </vertex>
            <vertex>
                <position x="8.301327" z="-26.422508" y="-2.353472"/>
                <normal x="0.831965" z="-0.522019" y="0.187811"/>
                <texcoord v="0.339991" u="0.269583"/>
            </vertex>
            <vertex>
                <position x="9.262280" z="-22.731712" y="-0.412891"/>
                <normal x="0.916898" z="-0.207495" y="0.340922"/>
                <texcoord v="0.273358" u="0.257000"/>
            </vertex>
            <vertex>
                <position x="0.895245" z="-18.106239" y="12.574366"/>
                <normal x="0.800836" z="-0.198523" y="0.564989"/>
                <texcoord v="0.202276" u="0.269208"/>
            </vertex>
            <vertex>
                <position x="-7.624863" z="11.759274" y="-33.788704"/>
                <normal x="-0.081820" z="0.488662" y="-0.868618"/>
                <texcoord v="0.374237" u="0.013817"/>
            </vertex>
            <vertex>
                <position x="-14.642902" z="8.740284" y="17.026901"/>
                <normal x="0.597766" z="0.511551" y="0.617206"/>
                <texcoord v="0.089272" u="0.125300"/>
            </vertex>
            <vertex>
                <position x="8.552792" z="-10.772812" y="-20.198593"/>
                <normal x="0.948057" z="-0.208502" y="-0.240089"/>
                <texcoord v="0.332604" u="0.158392"/>
            </vertex>
            <vertex>
                <position x="-23.262138" z="-5.492332" y="-26.857300"/>
                <normal x="-0.784387" z="-0.197302" y="-0.588031"/>
                <texcoord v="0.488677" u="0.074168"/>
            </vertex>
            <vertex>
                <position x="-13.577036" z="-18.260689" y="23.532412"/>
                <normal x="-0.066897" z="-0.508896" y="0.858211"/>
                <texcoord v="0.049560" u="0.247935"/>
            </vertex>
            <vertex>
                <position x="-18.354239" z="-23.997704" y="15.740910"/>
                <normal x="-0.533555" z="-0.737297" y="0.414319"/>
                <texcoord v="0.490122" u="0.356804"/>
            </vertex>
            <vertex>
                <position x="-24.336784" z="22.540398" y="0.464722"/>
                <normal x="-0.424329" z="0.866695" y="0.262185"/>
                <texcoord v="0.240902" u="0.294380"/>
            </vertex>
            <vertex>
                <position x="-18.007248" z="-24.290794" y="-16.790897"/>
                <normal x="-0.809198" z="-0.521409" y="-0.270730"/>
                <texcoord v="0.403487" u="0.479090"/>
            </vertex>
            <vertex>
                <position x="-19.536892" z="-16.027824" y="21.924896"/>
                <normal x="-0.494186" z="-0.343120" y="0.798730"/>
                <texcoord v="0.026763" u="0.231619"/>
            </vertex>
            <vertex>
                <position x="-15.442810" z="2.808113" y="21.483036"/>
                <normal x="0.442701" z="0.391400" y="0.806696"/>
                <texcoord v="0.090507" u="0.208381"/>
            </vertex>
            <vertex>
                <position x="-14.642902" z="8.740284" y="17.026901"/>
                <normal x="0.597766" z="0.511551" y="0.617206"/>
                <texcoord v="0.095889" u="0.174902"/>
            </vertex>
            <vertex>
                <position x="3.462139" z="10.213284" y="-22.702377"/>
                <normal x="0.921995" z="0.303323" y="-0.240547"/>
                <texcoord v="0.269253" u="0.073153"/>
            </vertex>
            <vertex>
                <position x="-8.293579" z="-11.712143" y="23.399025"/>
                <normal x="0.398877" z="0.242561" y="0.884335"/>
                <texcoord v="0.131793" u="0.269090"/>
            </vertex>
            <vertex>
                <position x="-26.749071" z="21.651302" y="-2.284948"/>
                <normal x="-0.660695" z="0.750511" y="-0.013733"/>
                <texcoord v="0.252997" u="0.306962"/>
            </vertex>
            <vertex>
                <position x="-6.733597" z="-14.836555" y="23.216711"/>
                <normal x="0.535051" z="-0.149693" y="0.831416"/>
                <texcoord v="0.142601" u="0.280671"/>
            </vertex>
            <vertex>
                <position x="3.462139" z="10.213284" y="-22.702377"/>
                <normal x="0.921995" z="0.303323" y="-0.240547"/>
                <texcoord v="0.299073" u="0.051254"/>
            </vertex>
            <vertex>
                <position x="-18.186775" z="-19.452858" y="-23.765320"/>
                <normal x="-0.696097" z="-0.463393" y="-0.548326"/>
                <texcoord v="0.366776" u="0.492515"/>
            </vertex>
            <vertex>
                <position x="-23.262138" z="-5.492332" y="-26.857300"/>
                <normal x="-0.784387" z="-0.197302" y="-0.588031"/>
                <texcoord v="0.303766" u="0.462348"/>
            </vertex>
            <vertex>
                <position x="-18.007248" z="-24.290794" y="-16.790897"/>
                <normal x="-0.809198" z="-0.521409" y="-0.270730"/>
                <texcoord v="0.492130" u="0.188045"/>
            </vertex>
            <vertex>
                <position x="-15.849197" z="-30.135208" y="-10.534035"/>
                <normal x="-0.738182" z="-0.640095" y="-0.212806"/>
                <texcoord v="0.488527" u="0.232413"/>
            </vertex>
            <vertex>
                <position x="-11.297470" z="-27.644417" y="-22.203735"/>
                <normal x="-0.448897" z="-0.669027" y="-0.592303"/>
                <texcoord v="0.450168" u="0.187506"/>
            </vertex>
            <vertex>
                <position x="2.212368" z="-5.525024" y="-34.225586"/>
                <normal x="0.515275" z="0.052187" y="-0.855403"/>
                <texcoord v="0.371770" u="0.102646"/>
            </vertex>
            <vertex>
                <position x="-10.916580" z="21.229832" y="-3.297577"/>
                <normal x="0.483840" z="0.805933" y="0.341044"/>
                <texcoord v="0.144180" u="0.076056"/>
            </vertex>
            <vertex>
                <position x="-6.733597" z="-14.836555" y="23.216711"/>
                <normal x="0.535051" z="-0.149693" y="0.831416"/>
                <texcoord v="0.082767" u="0.247199"/>
            </vertex>
            <vertex>
                <position x="9.228622" z="-17.855988" y="-1.924768"/>
                <normal x="0.967162" z="0.154241" y="0.201941"/>
                <texcoord v="0.268186" u="0.234359"/>
            </vertex>
            <vertex>
                <position x="9.511013" z="-18.671211" y="-5.425037"/>
                <normal x="0.997223" z="-0.023682" y="-0.070406"/>
                <texcoord v="0.283715" u="0.229204"/>
            </vertex>
            <vertex>
                <position x="-19.112701" z="-21.141090" y="19.382439"/>
                <normal x="-0.539750" z="-0.633686" y="0.554125"/>
                <texcoord v="0.489045" u="0.335251"/>
            </vertex>
            <vertex>
                <position x="-5.352772" z="14.715176" y="-31.353600"/>
                <normal x="0.210059" z="0.718345" y="-0.663198"/>
                <texcoord v="0.351415" u="0.006179"/>
            </vertex>
            <vertex>
                <position x="-19.277939" z="-2.008904" y="-30.470161"/>
                <normal x="-0.587664" z="-0.031068" y="-0.808496"/>
                <texcoord v="0.275769" u="0.472921"/>
            </vertex>
            <vertex>
                <position x="1.678951" z="17.099117" y="-21.862015"/>
                <normal x="0.723563" z="0.653829" y="-0.221107"/>
                <texcoord v="0.287859" u="0.015362"/>
            </vertex>
            <vertex>
                <position x="1.319523" z="16.313564" y="-23.775978"/>
                <normal x="0.660146" z="0.587054" y="-0.468520"/>
                <texcoord v="0.298783" u="0.016846"/>
            </vertex>
            <vertex>
                <position x="-7.624863" z="11.759274" y="-33.788704"/>
                <normal x="-0.081820" z="0.488662" y="-0.868618"/>
                <texcoord v="0.188903" u="0.464049"/>
            </vertex>
            <vertex>
                <position x="-10.720764" z="8.291908" y="-34.645790"/>
                <normal x="-0.296731" z="0.273019" y="-0.915067"/>
                <texcoord v="0.209718" u="0.472912"/>
            </vertex>
            <vertex>
                <position x="-14.632059" z="21.028652" y="4.133957"/>
                <normal x="0.371471" z="0.822932" y="0.429823"/>
                <texcoord v="0.111939" u="0.096065"/>
            </vertex>
            <vertex>
                <position x="0.895245" z="-18.106239" y="12.574366"/>
                <normal x="0.800836" z="-0.198523" y="0.564989"/>
                <texcoord v="0.108509" u="0.305609"/>
            </vertex>
            <vertex>
                <position x="-14.632059" z="21.028652" y="4.133957"/>
                <normal x="0.371471" z="0.822932" y="0.429823"/>
                <texcoord v="0.194873" u="0.278373"/>
            </vertex>
            <vertex>
                <position x="9.262280" z="-22.731712" y="-0.412891"/>
                <normal x="0.916898" z="-0.207495" y="0.340922"/>
                <texcoord v="0.130968" u="0.378169"/>
            </vertex>
            <vertex>
                <position x="9.262280" z="-22.731712" y="-0.412891"/>
                <normal x="0.916898" z="-0.207495" y="0.340922"/>
                <texcoord v="0.318637" u="0.268198"/>
            </vertex>
        </vertexbuffer>
    </sharedgeometry>
    <submeshes>
        <submesh material="StonesMat_01" operationtype="triangle_list" use32bitindexes="False" usesharedvertices="true">
            <faces count="290">
                <face v3="2" v2="1" v1="0"/>
                <face v3="5" v2="4" v1="3"/>
                <face v3="8" v2="7" v1="6"/>
                <face v3="11" v2="10" v1="9"/>
                <face v3="14" v2="13" v1="12"/>
                <face v3="16" v2="12" v1="15"/>
                <face v3="19" v2="18" v1="17"/>
                <face v3="21" v2="16" v1="20"/>
                <face v3="24" v2="23" v1="22"/>
                <face v3="26" v2="15" v1="25"/>
                <face v3="29" v2="28" v1="27"/>
                <face v3="32" v2="31" v1="30"/>
                <face v3="3" v2="34" v1="33"/>
                <face v3="37" v2="36" v1="35"/>
                <face v3="39" v2="38" v1="30"/>
                <face v3="42" v2="41" v1="40"/>
                <face v3="45" v2="44" v1="43"/>
                <face v3="41" v2="46" v1="40"/>
                <face v3="3" v2="47" v1="5"/>
                <face v3="50" v2="49" v1="48"/>
                <face v3="52" v2="51" v1="0"/>
                <face v3="54" v2="53" v1="37"/>
                <face v3="57" v2="56" v1="55"/>
                <face v3="58" v2="47" v1="3"/>
                <face v3="61" v2="60" v1="59"/>
                <face v3="64" v2="63" v1="62"/>
                <face v3="8" v2="6" v1="33"/>
                <face v3="67" v2="66" v1="65"/>
                <face v3="69" v2="68" v1="2"/>
                <face v3="19" v2="17" v1="70"/>
                <face v3="73" v2="72" v1="71"/>
                <face v3="76" v2="75" v1="74"/>
                <face v3="79" v2="78" v1="77"/>
                <face v3="80" v2="18" v1="19"/>
                <face v3="83" v2="82" v1="81"/>
                <face v3="85" v2="59" v1="84"/>
                <face v3="38" v2="86" v1="77"/>
                <face v3="79" v2="88" v1="87"/>
                <face v3="90" v2="89" v1="63"/>
                <face v3="93" v2="92" v1="91"/>
                <face v3="96" v2="95" v1="94"/>
                <face v3="49" v2="98" v1="97"/>
                <face v3="99" v2="49" v1="50"/>
                <face v3="101" v2="100" v1="65"/>
                <face v3="45" v2="43" v1="1"/>
                <face v3="55" v2="56" v1="10"/>
                <face v3="104" v2="103" v1="102"/>
                <face v3="48" v2="96" v1="105"/>
                <face v3="56" v2="107" v1="106"/>
                <face v3="27" v2="28" v1="108"/>
                <face v3="17" v2="109" v1="106"/>
                <face v3="111" v2="110" v1="70"/>
                <face v3="24" v2="22" v1="112"/>
                <face v3="114" v2="113" v1="45"/>
                <face v3="115" v2="94" v1="95"/>
                <face v3="48" v2="5" v1="96"/>
                <face v3="118" v2="117" v1="116"/>
                <face v3="120" v2="119" v1="90"/>
                <face v3="121" v2="118" v1="116"/>
                <face v3="75" v2="46" v1="74"/>
                <face v3="124" v2="123" v1="122"/>
                <face v3="19" v2="125" v1="80"/>
                <face v3="127" v2="77" v1="126"/>
                <face v3="19" v2="129" v1="128"/>
                <face v3="131" v2="130" v1="73"/>
                <face v3="23" v2="24" v1="132"/>
                <face v3="133" v2="35" v1="36"/>
                <face v3="117" v2="31" v1="116"/>
                <face v3="110" v2="129" v1="19"/>
                <face v3="46" v2="134" v1="74"/>
                <face v3="18" v2="80" v1="109"/>
                <face v3="136" v2="109" v1="135"/>
                <face v3="125" v2="137" v1="80"/>
                <face v3="137" v2="81" v1="135"/>
                <face v3="136" v2="56" v1="106"/>
                <face v3="127" v2="138" v1="60"/>
                <face v3="109" v2="80" v1="135"/>
                <face v3="100" v2="139" v1="123"/>
                <face v3="140" v2="79" v1="87"/>
                <face v3="63" v2="35" v1="90"/>
                <face v3="23" v2="141" v1="140"/>
                <face v3="61" v2="142" v1="116"/>
                <face v3="144" v2="143" v1="84"/>
                <face v3="146" v2="21" v1="145"/>
                <face v3="65" v2="147" v1="101"/>
                <face v3="61" v2="85" v1="142"/>
                <face v3="110" v2="19" v1="70"/>
                <face v3="113" v2="148" v1="7"/>
                <face v3="14" v2="37" v1="13"/>
                <face v3="67" v2="149" v1="66"/>
                <face v3="17" v2="150" v1="93"/>
                <face v3="143" v2="151" v1="142"/>
                <face v3="99" v2="29" v1="52"/>
                <face v3="86" v2="88" v1="77"/>
                <face v3="152" v2="131" v1="71"/>
                <face v3="153" v2="128" v1="129"/>
                <face v3="87" v2="88" v1="112"/>
                <face v3="27" v2="155" v1="154"/>
                <face v3="157" v2="156" v1="26"/>
                <face v3="3" v2="4" v1="34"/>
                <face v3="31" v2="32" v1="61"/>
                <face v3="33" v2="158" v1="3"/>
                <face v3="76" v2="74" v1="67"/>
                <face v3="128" v2="125" v1="19"/>
                <face v3="156" v2="20" v1="26"/>
                <face v3="124" v2="76" v1="100"/>
                <face v3="150" v2="107" v1="159"/>
                <face v3="28" v2="50" v1="160"/>
                <face v3="146" v2="120" v1="90"/>
                <face v3="161" v2="148" v1="113"/>
                <face v3="34" v2="97" v1="98"/>
                <face v3="80" v2="137" v1="135"/>
                <face v3="136" v2="82" v1="9"/>
                <face v3="12" v2="16" v1="14"/>
                <face v3="103" v2="52" v1="102"/>
                <face v3="11" v2="162" v1="10"/>
                <face v3="24" v2="163" v1="132"/>
                <face v3="56" v2="136" v1="9"/>
                <face v3="59" v2="164" v1="84"/>
                <face v3="130" v2="112" v1="165"/>
                <face v3="149" v2="166" v1="83"/>
                <face v3="116" v2="142" v1="121"/>
                <face v3="131" v2="73" v1="71"/>
                <face v3="51" v2="52" v1="103"/>
                <face v3="12" v2="168" v1="167"/>
                <face v3="89" v2="90" v1="169"/>
                <face v3="92" v2="93" v1="159"/>
                <face v3="167" v2="170" v1="12"/>
                <face v3="94" v2="115" v1="160"/>
                <face v3="150" v2="159" v1="93"/>
                <face v3="130" v2="131" v1="112"/>
                <face v3="38" v2="39" v1="86"/>
                <face v3="44" v2="98" v1="49"/>
                <face v3="9" v2="10" v1="56"/>
                <face v3="56" v2="57" v1="107"/>
                <face v3="43" v2="0" v1="1"/>
                <face v3="109" v2="136" v1="106"/>
                <face v3="65" v2="100" v1="76"/>
                <face v3="26" v2="25" v1="157"/>
                <face v3="171" v2="59" v1="60"/>
                <face v3="49" v2="97" v1="48"/>
                <face v3="61" v2="32" v1="60"/>
                <face v3="172" v2="15" v1="170"/>
                <face v3="98" v2="8" v1="34"/>
                <face v3="36" v2="16" v1="21"/>
                <face v3="146" v2="36" v1="21"/>
                <face v3="161" v2="113" v1="114"/>
                <face v3="145" v2="120" v1="146"/>
                <face v3="150" v2="17" v1="106"/>
                <face v3="17" v2="93" v1="70"/>
                <face v3="173" v2="5" v1="47"/>
                <face v3="98" v2="7" v1="8"/>
                <face v3="112" v2="131" v1="24"/>
                <face v3="78" v2="79" v1="140"/>
                <face v3="51" v2="69" v1="2"/>
                <face v3="165" v2="175" v1="174"/>
                <face v3="178" v2="177" v1="176"/>
                <face v3="15" v2="26" v1="16"/>
                <face v3="126" v2="78" v1="138"/>
                <face v3="53" v2="13" v1="37"/>
                <face v3="22" v2="87" v1="112"/>
                <face v3="25" v2="15" v1="172"/>
                <face v3="179" v2="97" v1="34"/>
                <face v3="100" v2="123" v1="124"/>
                <face v3="124" v2="75" v1="76"/>
                <face v3="44" v2="49" v1="43"/>
                <face v3="28" v2="29" v1="50"/>
                <face v3="180" v2="54" v1="64"/>
                <face v3="160" v2="50" v1="94"/>
                <face v3="81" v2="136" v1="135"/>
                <face v3="181" v2="74" v1="134"/>
                <face v3="74" v2="162" v1="67"/>
                <face v3="166" v2="82" v1="83"/>
                <face v3="93" v2="91" v1="70"/>
                <face v3="61" v2="116" v1="31"/>
                <face v3="170" v2="15" v1="12"/>
                <face v3="178" v2="45" v1="1"/>
                <face v3="136" v2="81" v1="82"/>
                <face v3="128" v2="137" v1="125"/>
                <face v3="20" v2="182" v1="21"/>
                <face v3="182" v2="183" v1="145"/>
                <face v3="166" v2="11" v1="82"/>
                <face v3="14" v2="36" v1="37"/>
                <face v3="133" v2="146" v1="90"/>
                <face v3="98" v2="44" v1="7"/>
                <face v3="162" v2="11" v1="166"/>
                <face v3="5" v2="179" v1="4"/>
                <face v3="162" v2="55" v1="10"/>
                <face v3="132" v2="163" v1="184"/>
                <face v3="70" v2="91" v1="111"/>
                <face v3="28" v2="115" v1="108"/>
                <face v3="47" v2="58" v1="185"/>
                <face v3="52" v2="0" v1="99"/>
                <face v3="122" v2="75" v1="124"/>
                <face v3="121" v2="142" v1="151"/>
                <face v3="186" v2="86" v1="39"/>
                <face v3="173" v2="188" v1="187"/>
                <face v3="86" v2="186" v1="175"/>
                <face v3="62" v2="180" v1="64"/>
                <face v3="82" v2="11" v1="9"/>
                <face v3="126" v2="77" v1="78"/>
                <face v3="38" v2="32" v1="30"/>
                <face v3="16" v2="26" v1="20"/>
                <face v3="169" v2="90" v1="119"/>
                <face v3="43" v2="49" v1="99"/>
                <face v3="31" v2="117" v1="189"/>
                <face v3="138" v2="171" v1="60"/>
                <face v3="147" v2="65" v1="66"/>
                <face v3="40" v2="75" v1="122"/>
                <face v3="102" v2="52" v1="29"/>
                <face v3="145" v2="21" v1="182"/>
                <face v3="18" v2="109" v1="17"/>
                <face v3="112" v2="88" v1="165"/>
                <face v3="178" v2="176" v1="114"/>
                <face v3="30" v2="189" v1="190"/>
                <face v3="191" v2="168" v1="53"/>
                <face v3="175" v2="88" v1="86"/>
                <face v3="55" v2="162" v1="74"/>
                <face v3="77" v2="127" v1="38"/>
                <face v3="46" v2="192" v1="134"/>
                <face v3="22" v2="23" v1="140"/>
                <face v3="171" v2="164" v1="59"/>
                <face v3="106" v2="107" v1="150"/>
                <face v3="13" v2="168" v1="12"/>
                <face v3="76" v2="67" v1="65"/>
                <face v3="30" v2="190" v1="39"/>
                <face v3="173" v2="96" v1="5"/>
                <face v3="100" v2="101" v1="139"/>
                <face v3="102" v2="27" v1="154"/>
                <face v3="177" v2="178" v1="2"/>
                <face v3="168" v2="13" v1="53"/>
                <face v3="193" v2="144" v1="84"/>
                <face v3="181" v2="57" v1="55"/>
                <face v3="74" v2="181" v1="55"/>
                <face v3="32" v2="127" v1="60"/>
                <face v3="36" v2="146" v1="133"/>
                <face v3="47" v2="185" v1="188"/>
                <face v3="180" v2="191" v1="53"/>
                <face v3="53" v2="54" v1="180"/>
                <face v3="94" v2="50" v1="105"/>
                <face v3="35" v2="63" v1="64"/>
                <face v3="47" v2="188" v1="173"/>
                <face v3="22" v2="140" v1="87"/>
                <face v3="27" v2="102" v1="29"/>
                <face v3="29" v2="99" v1="50"/>
                <face v3="85" v2="61" v1="59"/>
                <face v3="32" v2="38" v1="127"/>
                <face v3="35" v2="133" v1="90"/>
                <face v3="163" v2="24" v1="152"/>
                <face v3="102" v2="154" v1="104"/>
                <face v3="37" v2="35" v1="54"/>
                <face v3="34" v2="8" v1="33"/>
                <face v3="5" v2="48" v1="179"/>
                <face v3="85" v2="143" v1="142"/>
                <face v3="4" v2="179" v1="34"/>
                <face v3="105" v2="50" v1="48"/>
                <face v3="158" v2="185" v1="58"/>
                <face v3="126" v2="138" v1="127"/>
                <face v3="92" v2="111" v1="91"/>
                <face v3="0" v2="51" v1="2"/>
                <face v3="7" v2="148" v1="6"/>
                <face v3="149" v2="162" v1="166"/>
                <face v3="143" v2="85" v1="84"/>
                <face v3="67" v2="162" v1="149"/>
                <face v3="114" v2="45" v1="178"/>
                <face v3="31" v2="189" v1="30"/>
                <face v3="14" v2="16" v1="36"/>
                <face v3="23" v2="132" v1="141"/>
                <face v3="105" v2="96" v1="94"/>
                <face v3="2" v2="178" v1="1"/>
                <face v3="28" v2="160" v1="115"/>
                <face v3="43" v2="99" v1="0"/>
                <face v3="51" v2="103" v1="69"/>
                <face v3="122" v2="42" v1="40"/>
                <face v3="97" v2="179" v1="48"/>
                <face v3="165" v2="88" v1="175"/>
                <face v3="77" v2="88" v1="79"/>
                <face v3="177" v2="2" v1="68"/>
                <face v3="35" v2="64" v1="54"/>
                <face v3="158" v2="58" v1="3"/>
                <face v3="46" v2="75" v1="40"/>
                <face v3="131" v2="152" v1="24"/>
                <face v3="113" v2="7" v1="44"/>
                <face v3="45" v2="113" v1="44"/>
                <face v3="46" v2="41" v1="194"/>
                <face v3="155" v2="27" v1="195"/>
                <face v3="108" v2="195" v1="27"/>
                <face v3="192" v2="46" v1="194"/>
                <face v3="156" v2="182" v1="20"/>
                <face v3="183" v2="182" v1="156"/>
            </faces>
        </submesh>
    </submeshes>
    <submeshnames>
        <submesh index="0" name="StonesMat_01">
        </submesh>
    </submeshnames>
</mesh>