<?xml version="1.0" encoding="UTF-8"?>
<mesh>
    <sharedgeometry vertexcount="195">
        <vertexbuffer positions="true" texture_coords="1" colours_diffuse="False" normals="true">
            <vertex>
                <position x="-17.399765" z="18.990810" y="-0.183529"/>
                <normal x="-0.669912" z="0.742149" y="0.019623"/>
                <texcoord v="0.872876" u="0.553478"/>
            </vertex>
            <vertex>
                <position x="-20.574974" z="15.432190" y="6.386492"/>
                <normal x="-0.753014" z="0.648396" y="0.111820"/>
                <texcoord v="0.911139" u="0.556043"/>
            </vertex>
            <vertex>
                <position x="-22.651524" z="11.965626" y="1.564627"/>
                <normal x="-0.860286" z="0.509720" y="-0.008911"/>
                <texcoord v="0.901043" u="0.584149"/>
            </vertex>
            <vertex>
                <position x="-10.529379" z="4.403915" y="23.181274"/>
                <normal x="0.136540" z="0.148839" y="0.979369"/>
                <texcoord v="0.594221" u="0.584547"/>
            </vertex>
            <vertex>
                <position x="-7.359806" z="0.165026" y="22.826550"/>
                <normal x="0.237800" z="-0.016694" y="0.971160"/>
                <texcoord v="0.616302" u="0.601007"/>
            </vertex>
            <vertex>
                <position x="-10.034525" z="-1.498638" y="21.469692"/>
                <normal x="-0.251656" z="-0.348827" y="0.902737"/>
                <texcoord v="0.604899" u="0.614569"/>
            </vertex>
            <vertex>
                <position x="-2.162008" z="-27.916082" y="3.436510"/>
                <normal x="0.002380" z="-0.774743" y="0.632221"/>
                <texcoord v="0.664954" u="0.769286"/>
            </vertex>
            <vertex>
                <position x="-8.789768" z="-26.241232" y="5.027113"/>
                <normal x="-0.012696" z="-0.723228" y="0.690451"/>
                <texcoord v="0.633473" u="0.758818"/>
            </vertex>
            <vertex>
                <position x="-1.006884" z="-23.985250" y="7.322733"/>
                <normal x="-0.037049" z="-0.716453" y="0.696646"/>
                <texcoord v="0.670191" u="0.741963"/>
            </vertex>
            <vertex>
                <position x="-15.682075" z="14.518583" y="18.132317"/>
                <normal x="-0.135228" z="0.757897" y="0.638173"/>
                <texcoord v="0.992880" u="0.838122"/>
            </vertex>
            <vertex>
                <position x="-9.695436" z="15.076794" y="13.648061"/>
                <normal x="0.555315" z="0.601337" y="0.574419"/>
                <texcoord v="0.965360" u="0.865688"/>
            </vertex>
            <vertex>
                <position x="-12.076884" z="10.599480" y="19.792797"/>
                <normal x="0.432112" z="0.573382" y="0.696036"/>
                <texcoord v="0.967108" u="0.824749"/>
            </vertex>
            <vertex>
                <position x="-20.088184" z="-17.082539" y="-23.324549"/>
                <normal x="-0.528581" z="-0.520920" y="-0.670217"/>
                <texcoord v="0.542399" u="0.892276"/>
            </vertex>
            <vertex>
                <position x="-13.325212" z="-13.003761" y="-27.269827"/>
                <normal x="-0.181066" z="0.048067" y="-0.982269"/>
                <texcoord v="0.559254" u="0.933823"/>
            </vertex>
            <vertex>
                <position x="-19.269222" z="-11.845661" y="-25.633978"/>
                <normal x="-0.431959" z="0.011902" y="-0.901791"/>
                <texcoord v="0.530903" u="0.919295"/>
            </vertex>
            <vertex>
                <position x="-4.354074" z="-13.199387" y="16.560581"/>
                <normal x="-0.183142" z="-0.556719" y="0.810236"/>
                <texcoord v="0.646502" u="0.672282"/>
            </vertex>
            <vertex>
                <position x="-1.275932" z="-18.872944" y="12.904197"/>
                <normal x="-0.081973" z="-0.661214" y="0.745689"/>
                <texcoord v="0.666268" u="0.704141"/>
            </vertex>
            <vertex>
                <position x="-8.852709" z="-16.946217" y="12.623965"/>
                <normal x="-0.147465" z="-0.581378" y="0.800134"/>
                <texcoord v="0.627463" u="0.701957"/>
            </vertex>
            <vertex>
                <position x="-30.149673" z="-14.682735" y="6.413794"/>
                <normal x="-0.798761" z="-0.475326" y="0.368816"/>
                <texcoord v="0.522479" u="0.732947"/>
            </vertex>
            <vertex>
                <position x="-23.964493" z="-21.050261" y="0.507185"/>
                <normal x="-0.630177" z="-0.776055" y="-0.024354"/>
                <texcoord v="0.556487" u="0.772682"/>
            </vertex>
            <vertex>
                <position x="-27.488068" z="-17.525909" y="-4.350197"/>
                <normal x="-0.696799" z="-0.709891" y="-0.102329"/>
                <texcoord v="0.528410" u="0.790309"/>
            </vertex>
            <vertex>
                <position x="-16.404869" z="19.663652" y="-8.967844"/>
                <normal x="-0.422224" z="0.763298" y="-0.488937"/>
                <texcoord v="0.837868" u="0.571399"/>
            </vertex>
            <vertex>
                <position x="-11.450918" z="15.534040" y="-11.278543"/>
                <normal x="-0.042665" z="0.504715" y="-0.862209"/>
                <texcoord v="0.808707" u="0.578939"/>
            </vertex>
            <vertex>
                <position x="-4.815498" z="19.771399" y="-9.479467"/>
                <normal x="-0.110752" z="0.590991" y="-0.799005"/>
                <texcoord v="0.791737" u="0.543736"/>
            </vertex>
            <vertex>
                <position x="-21.260233" z="13.712719" y="-7.808874"/>
                <normal x="-0.839686" z="0.537553" y="-0.076998"/>
                <texcoord v="0.859335" u="0.596535"/>
            </vertex>
            <vertex>
                <position x="-19.234219" z="16.325037" y="-11.161978"/>
                <normal x="-0.496506" z="0.686422" y="-0.531266"/>
                <texcoord v="0.839662" u="0.591626"/>
            </vertex>
            <vertex>
                <position x="-6.667400" z="6.656383" y="18.470692"/>
                <normal x="0.618702" z="0.485122" y="0.617908"/>
                <texcoord v="0.932295" u="0.825765"/>
            </vertex>
            <vertex>
                <position x="-1.141760" z="-30.213877" y="-12.167158"/>
                <normal x="0.217627" z="-0.920286" y="-0.325083"/>
                <texcoord v="0.660018" u="0.872588"/>
            </vertex>
            <vertex>
                <position x="4.997791" z="-26.845171" y="-5.750380"/>
                <normal x="0.785638" z="-0.487106" y="-0.381390"/>
                <texcoord v="0.705443" u="0.855510"/>
            </vertex>
            <vertex>
                <position x="1.496674" z="-23.000795" y="-16.727919"/>
                <normal x="0.771203" z="-0.470779" y="-0.428449"/>
                <texcoord v="0.683510" u="0.912341"/>
            </vertex>
            <vertex>
                <position x="-8.754071" z="-29.694345" y="0.966398"/>
                <normal x="-0.201178" z="-0.953948" y="0.222358"/>
                <texcoord v="0.634150" u="0.782977"/>
            </vertex>
            <vertex>
                <position x="11.275341" z="-4.758690" y="-1.071478"/>
                <normal x="0.885678" z="0.220069" y="0.408765"/>
                <texcoord v="0.809977" u="0.892416"/>
            </vertex>
            <vertex>
                <position x="11.943867" z="-1.968006" y="-5.385534"/>
                <normal x="0.894681" z="0.392438" y="0.213324"/>
                <texcoord v="0.810321" u="0.915175"/>
            </vertex>
            <vertex>
                <position x="13.696682" z="-5.908873" y="-8.347883"/>
                <normal x="0.994171" z="-0.019471" y="-0.105899"/>
                <texcoord v="0.788025" u="0.917610"/>
            </vertex>
            <vertex>
                <position x="-24.640472" z="8.242191" y="7.344671"/>
                <normal x="-0.889553" z="0.453566" y="0.053926"/>
                <texcoord v="0.935102" u="0.588436"/>
            </vertex>
            <vertex>
                <position x="-23.903557" z="9.451588" y="-1.422512"/>
                <normal x="-0.887112" z="0.461501" y="-0.004334"/>
                <texcoord v="0.895253" u="0.602413"/>
            </vertex>
            <vertex>
                <position x="4.105667" z="-12.926182" y="12.249621"/>
                <normal x="0.829707" z="-0.060671" y="0.554857"/>
                <texcoord v="0.815558" u="0.812284"/>
            </vertex>
            <vertex>
                <position x="8.396652" z="-10.912243" y="4.923994"/>
                <normal x="0.865780" z="-0.004456" y="0.500351"/>
                <texcoord v="0.802667" u="0.851995"/>
            </vertex>
            <vertex>
                <position x="5.168507" z="-18.028412" y="8.838011"/>
                <normal x="0.842921" z="-0.167638" y="0.511185"/>
                <texcoord v="0.784681" u="0.814252"/>
            </vertex>
            <vertex>
                <position x="2.819780" z="1.518900" y="9.692053"/>
                <normal x="0.789666" z="0.381573" y="0.480392"/>
                <texcoord v="0.871195" u="0.858341"/>
            </vertex>
            <vertex>
                <position x="-0.910629" z="6.055535" y="11.586795"/>
                <normal x="0.751213" z="0.447493" y="0.485153"/>
                <texcoord v="0.901405" u="0.858618"/>
            </vertex>
            <vertex>
                <position x="2.120018" z="5.530200" y="6.039865"/>
                <normal x="0.784753" z="0.473281" y="0.400159"/>
                <texcoord v="0.881647" u="0.882768"/>
            </vertex>
            <vertex>
                <position x="11.191059" z="-0.149494" y="-9.384089"/>
                <normal x="0.904752" z="0.418928" y="0.076724"/>
                <texcoord v="0.809741" u="0.935000"/>
            </vertex>
            <vertex>
                <position x="11.651062" z="-0.630810" y="-15.927755"/>
                <normal x="0.955748" z="0.055544" y="-0.288858"/>
                <texcoord v="0.792116" u="0.959037"/>
            </vertex>
            <vertex>
                <position x="-21.851357" z="-3.717970" y="16.866859"/>
                <normal x="-0.330729" z="-0.378155" y="0.864620"/>
                <texcoord v="0.548575" u="0.648701"/>
            </vertex>
            <vertex>
                <position x="-28.254690" z="-3.846355" y="13.852190"/>
                <normal x="-0.760979" z="-0.129032" y="0.635792"/>
                <texcoord v="0.515729" u="0.664586"/>
            </vertex>
            <vertex>
                <position x="-26.307583" z="0.831726" y="16.556911"/>
                <normal x="-0.739311" z="0.034913" y="0.672445"/>
                <texcoord v="0.518809" u="0.634813"/>
            </vertex>
            <vertex>
                <position x="-12.809831" z="-5.697081" y="19.010986"/>
                <normal x="-0.261727" z="-0.418531" y="0.869655"/>
                <texcoord v="0.596322" u="0.641875"/>
            </vertex>
            <vertex>
                <position x="-16.021135" z="-9.898264" y="15.269988"/>
                <normal x="-0.289926" z="-0.478195" y="0.828974"/>
                <texcoord v="0.585116" u="0.672488"/>
            </vertex>
            <vertex>
                <position x="-31.178139" z="-5.665785" y="2.449116"/>
                <normal x="-0.973235" z="0.229347" y="0.013489"/>
                <texcoord v="0.946340" u="0.666470"/>
            </vertex>
            <vertex>
                <position x="-26.857075" z="2.797165" y="2.529482"/>
                <normal x="-0.905301" z="0.424696" y="-0.001892"/>
                <texcoord v="0.927393" u="0.624656"/>
            </vertex>
            <vertex>
                <position x="-27.356590" z="2.264778" y="7.058050"/>
                <normal x="-0.908292" z="0.418012" y="0.014008"/>
                <texcoord v="0.948882" u="0.617846"/>
            </vertex>
            <vertex>
                <position x="-26.002373" z="-0.081776" y="-15.726805"/>
                <normal x="-0.876034" z="0.245552" y="-0.415021"/>
                <texcoord v="0.853090" u="0.669093"/>
            </vertex>
            <vertex>
                <position x="-24.330074" z="-8.489092" y="-20.444845"/>
                <normal x="-0.805963" z="0.021027" y="-0.591571"/>
                <texcoord v="0.836088" u="0.711540"/>
            </vertex>
            <vertex>
                <position x="-23.338701" z="-0.445398" y="-20.016760"/>
                <normal x="-0.544939" z="0.339122" y="-0.766808"/>
                <texcoord v="0.830759" u="0.673862"/>
            </vertex>
            <vertex>
                <position x="0.051363" z="-13.289211" y="17.521976"/>
                <normal x="0.378887" z="-0.344829" y="0.858791"/>
                <texcoord v="0.668971" u="0.666631"/>
            </vertex>
            <vertex>
                <position x="2.995953" z="-20.759958" y="11.187504"/>
                <normal x="0.450301" z="-0.538743" y="0.711997"/>
                <texcoord v="0.689246" u="0.715203"/>
            </vertex>
            <vertex>
                <position x="-1.078735" z="-19.699503" y="-24.178228"/>
                <normal x="0.445784" z="-0.589312" y="-0.673727"/>
                <texcoord v="0.672076" u="0.954766"/>
            </vertex>
            <vertex>
                <position x="-2.467386" z="-28.348429" y="-16.761778"/>
                <normal x="0.244728" z="-0.822291" y="-0.513688"/>
                <texcoord v="0.652176" u="0.898398"/>
            </vertex>
            <vertex>
                <position x="-15.725690" z="-26.300768" y="-0.262281"/>
                <normal x="-0.463729" z="-0.877957" y="-0.118717"/>
                <texcoord v="0.599105" u="0.784673"/>
            </vertex>
            <vertex>
                <position x="-16.833920" z="-26.149466" y="5.179823"/>
                <normal x="-0.345653" z="-0.833857" y="0.430280"/>
                <texcoord v="0.598354" u="0.760693"/>
            </vertex>
            <vertex>
                <position x="-16.513456" z="11.632626" y="20.705376"/>
                <normal x="-0.195685" z="0.559740" y="0.805200"/>
                <texcoord v="0.990143" u="0.817496"/>
            </vertex>
            <vertex>
                <position x="-13.695049" z="-22.865522" y="8.083601"/>
                <normal x="-0.106357" z="-0.597797" y="0.794549"/>
                <texcoord v="0.609441" u="0.739778"/>
            </vertex>
            <vertex>
                <position x="-22.806555" z="-10.158573" y="12.849122"/>
                <normal x="-0.324931" z="-0.455947" y="0.828547"/>
                <texcoord v="0.552222" u="0.687227"/>
            </vertex>
            <vertex>
                <position x="-14.400446" z="8.927429" y="22.046555"/>
                <normal x="-0.009522" z="0.298868" y="0.954222"/>
                <texcoord v="0.566235" u="0.570153"/>
            </vertex>
            <vertex>
                <position x="-19.119015" z="2.021633" y="19.612488"/>
                <normal x="-0.308237" z="-0.222449" y="0.924924"/>
                <texcoord v="0.553807" u="0.613529"/>
            </vertex>
            <vertex>
                <position x="2.681574" z="-5.097549" y="13.460999"/>
                <normal x="0.794000" z="0.176946" y="0.581561"/>
                <texcoord v="0.852774" u="0.825990"/>
            </vertex>
            <vertex>
                <position x="-20.934458" z="13.056566" y="12.545735"/>
                <normal x="-0.727500" z="0.628590" y="0.274880"/>
                <texcoord v="0.943054" u="0.549601"/>
            </vertex>
            <vertex>
                <position x="-24.431744" z="7.138387" y="13.724042"/>
                <normal x="-0.849422" z="0.472274" y="0.235328"/>
                <texcoord v="0.965398" u="0.576995"/>
            </vertex>
            <vertex>
                <position x="-12.702805" z="-21.278791" y="-23.936171"/>
                <normal x="-0.251961" z="-0.674367" y="-0.694052"/>
                <texcoord v="0.584152" u="0.898038"/>
            </vertex>
            <vertex>
                <position x="-7.420698" z="-15.702164" y="-28.120756"/>
                <normal x="-0.048341" z="-0.198126" y="-0.978973"/>
                <texcoord v="0.591795" u="0.940662"/>
            </vertex>
            <vertex>
                <position x="8.272114" z="-16.369408" y="-8.772829"/>
                <normal x="0.822504" z="-0.396832" y="-0.407422"/>
                <texcoord v="0.740938" u="0.896297"/>
            </vertex>
            <vertex>
                <position x="12.918053" z="-12.983646" y="-3.335360"/>
                <normal x="0.977233" z="-0.208045" y="0.041292"/>
                <texcoord v="0.773761" u="0.883732"/>
            </vertex>
            <vertex>
                <position x="-15.682075" z="14.518583" y="18.132317"/>
                <normal x="-0.135228" z="0.757897" y="0.638173"/>
                <texcoord v="0.959867" u="0.512575"/>
            </vertex>
            <vertex>
                <position x="-16.513456" z="11.632626" y="20.705376"/>
                <normal x="-0.195685" z="0.559740" y="0.805200"/>
                <texcoord v="0.980559" u="0.518049"/>
            </vertex>
            <vertex>
                <position x="-20.617868" z="8.587677" y="19.946140"/>
                <normal x="-0.578143" z="0.313150" y="0.753410"/>
                <texcoord v="0.987928" u="0.545024"/>
            </vertex>
            <vertex>
                <position x="-0.766651" z="15.167307" y="-0.774168"/>
                <normal x="0.757897" z="0.515976" y="0.399121"/>
                <texcoord v="0.913034" u="0.934417"/>
            </vertex>
            <vertex>
                <position x="2.489994" z="12.670792" y="-3.565903"/>
                <normal x="0.803400" z="0.479995" y="0.352306"/>
                <texcoord v="0.889106" u="0.941501"/>
            </vertex>
            <vertex>
                <position x="-0.047138" z="11.194323" y="3.898825"/>
                <normal x="0.757866" z="0.516098" y="0.399060"/>
                <texcoord v="0.904754" u="0.904578"/>
            </vertex>
            <vertex>
                <position x="7.572292" z="-21.310396" y="3.783716"/>
                <normal x="0.835719" z="-0.269570" y="0.478378"/>
                <texcoord v="0.757730" u="0.831072"/>
            </vertex>
            <vertex>
                <position x="2.995953" z="-20.759958" y="11.187504"/>
                <normal x="0.450301" z="-0.538743" y="0.711997"/>
                <texcoord v="0.779705" u="0.793134"/>
            </vertex>
            <vertex>
                <position x="-11.154383" z="-12.124401" y="15.698291"/>
                <normal x="-0.222785" z="-0.523759" y="0.822199"/>
                <texcoord v="0.611695" u="0.675849"/>
            </vertex>
            <vertex>
                <position x="7.355476" z="-3.738661" y="5.170538"/>
                <normal x="0.843776" z="0.239235" y="0.480392"/>
                <texcoord v="0.832817" u="0.867631"/>
            </vertex>
            <vertex>
                <position x="-23.049454" z="8.583115" y="-15.085020"/>
                <normal x="-0.640736" z="0.492996" y="-0.588549"/>
                <texcoord v="0.842238" u="0.630936"/>
            </vertex>
            <vertex>
                <position x="-21.365265" z="12.419940" y="-13.407515"/>
                <normal x="-0.562334" z="0.585162" y="-0.584216"/>
                <texcoord v="0.840594" u="0.612227"/>
            </vertex>
            <vertex>
                <position x="-13.640483" z="21.611511" y="4.004606"/>
                <normal x="-0.496292" z="0.857021" y="0.138493"/>
                <texcoord v="0.877447" u="0.523786"/>
            </vertex>
            <vertex>
                <position x="-13.825198" z="18.469873" y="13.302373"/>
                <normal x="-0.066469" z="0.842463" y="0.534623"/>
                <texcoord v="0.925177" u="0.506315"/>
            </vertex>
            <vertex>
                <position x="-26.307583" z="0.831726" y="16.556911"/>
                <normal x="-0.739311" z="0.034913" y="0.672445"/>
                <texcoord v="0.995406" u="0.599465"/>
            </vertex>
            <vertex>
                <position x="-27.885983" z="0.762039" y="11.463729"/>
                <normal x="-0.924192" z="0.345012" y="0.163732"/>
                <texcoord v="0.972309" u="0.615120"/>
            </vertex>
            <vertex>
                <position x="5.428055" z="13.647596" y="-14.791124"/>
                <normal x="0.589587" z="0.635975" y="-0.497879"/>
                <texcoord v="0.725207" u="0.556923"/>
            </vertex>
            <vertex>
                <position x="1.127388" z="19.790937" y="-10.425230"/>
                <normal x="0.500931" z="0.787835" y="-0.358226"/>
                <texcoord v="0.763272" u="0.530952"/>
            </vertex>
            <vertex>
                <position x="-1.946180" z="13.957823" y="-13.741930"/>
                <normal x="-0.113468" z="0.517228" y="-0.848262"/>
                <texcoord v="0.761723" u="0.569161"/>
            </vertex>
            <vertex>
                <position x="-22.497484" z="-21.094667" y="-8.009123"/>
                <normal x="-0.572192" z="-0.801111" y="-0.175420"/>
                <texcoord v="0.554351" u="0.813300"/>
            </vertex>
            <vertex>
                <position x="6.928471" z="9.621964" y="-13.263788"/>
                <normal x="0.902249" z="0.420667" y="0.094455"/>
                <texcoord v="0.845214" u="0.976115"/>
            </vertex>
            <vertex>
                <position x="10.199341" z="3.767988" y="-13.342768"/>
                <normal x="0.905087" z="0.424879" y="0.015687"/>
                <texcoord v="0.816521" u="0.960230"/>
            </vertex>
            <vertex>
                <position x="8.560703" z="3.915604" y="-6.546598"/>
                <normal x="0.836787" z="0.493942" y="0.236091"/>
                <texcoord v="0.835676" u="0.933419"/>
            </vertex>
            <vertex>
                <position x="-10.529379" z="4.403915" y="23.181274"/>
                <normal x="0.136540" z="0.148839" y="0.979369"/>
                <texcoord v="0.944598" u="0.794626"/>
            </vertex>
            <vertex>
                <position x="-14.400446" z="8.927429" y="22.046555"/>
                <normal x="-0.009522" z="0.298868" y="0.954222"/>
                <texcoord v="0.973830" u="0.807073"/>
            </vertex>
            <vertex>
                <position x="-28.254690" z="-3.846355" y="13.852190"/>
                <normal x="-0.760979" z="-0.129032" y="0.635792"/>
                <texcoord v="0.994801" u="0.630267"/>
            </vertex>
            <vertex>
                <position x="3.083752" z="7.101806" y="-18.202562"/>
                <normal x="-0.067995" z="0.475326" y="-0.877163"/>
                <texcoord v="0.721637" u="0.597278"/>
            </vertex>
            <vertex>
                <position x="-3.377995" z="3.183334" y="-19.652552"/>
                <normal x="-0.097446" z="0.471664" y="-0.876339"/>
                <texcoord v="0.744445" u="0.629153"/>
            </vertex>
            <vertex>
                <position x="3.904793" z="7.165557" y="0.888956"/>
                <normal x="0.801233" z="0.477767" y="0.360179"/>
                <texcoord v="0.873524" u="0.909334"/>
            </vertex>
            <vertex>
                <position x="-11.587487" z="5.286467" y="-17.527418"/>
                <normal x="-0.019227" z="0.502884" y="-0.864132"/>
                <texcoord v="0.787018" u="0.630198"/>
            </vertex>
            <vertex>
                <position x="4.372551" z="-26.070784" y="5.543047"/>
                <normal x="0.447737" z="-0.645802" y="0.618397"/>
                <texcoord v="0.698074" u="0.755402"/>
            </vertex>
            <vertex>
                <position x="-27.887100" z="1.171787" y="-7.325022"/>
                <normal x="-0.925321" z="0.357646" y="-0.125767"/>
                <texcoord v="0.889050" u="0.652316"/>
            </vertex>
            <vertex>
                <position x="-25.093870" z="7.460826" y="-6.957319"/>
                <normal x="-0.885922" z="0.458327" y="-0.070742"/>
                <texcoord v="0.877679" u="0.623270"/>
            </vertex>
            <vertex>
                <position x="7.642185" z="-0.824392" y="-22.673857"/>
                <normal x="0.518479" z="0.174444" y="-0.837092"/>
                <texcoord v="0.771925" u="0.991460"/>
            </vertex>
            <vertex>
                <position x="4.574579" z="-5.854111" y="-25.333521"/>
                <normal x="0.470687" z="0.099124" y="-0.876675"/>
                <texcoord v="0.738964" u="0.994068"/>
            </vertex>
            <vertex>
                <position x="10.884449" z="-19.475422" y="-1.209110"/>
                <normal x="0.941801" z="-0.329814" y="0.064791"/>
                <texcoord v="0.754124" u="0.859787"/>
            </vertex>
            <vertex>
                <position x="-0.149927" z="-30.681650" y="-0.809767"/>
                <normal x="-0.005615" z="-0.968535" y="0.248726"/>
                <texcoord v="0.673740" u="0.794373"/>
            </vertex>
            <vertex>
                <position x="3.561417" z="-30.647543" y="-2.867685"/>
                <normal x="0.473067" z="-0.879574" y="-0.050478"/>
                <texcoord v="0.691857" u="0.805567"/>
            </vertex>
            <vertex>
                <position x="-1.141760" z="-30.213877" y="-12.167158"/>
                <normal x="0.217627" z="-0.920286" y="-0.325083"/>
                <texcoord v="0.662950" u="0.850702"/>
            </vertex>
            <vertex>
                <position x="3.454390" z="15.606562" y="-9.963850"/>
                <normal x="0.851375" z="0.461623" y="0.249031"/>
                <texcoord v="0.884221" u="0.977132"/>
            </vertex>
            <vertex>
                <position x="5.509750" z="8.402199" y="-5.628073"/>
                <normal x="0.840052" z="0.466628" y="0.276620"/>
                <texcoord v="0.861220" u="0.940370"/>
            </vertex>
            <vertex>
                <position x="-16.799610" z="-21.936216" y="-18.210958"/>
                <normal x="-0.480544" z="-0.821741" y="-0.306253"/>
                <texcoord v="0.572317" u="0.866719"/>
            </vertex>
            <vertex>
                <position x="-22.972740" z="-17.637356" y="-17.745768"/>
                <normal x="-0.622150" z="-0.720603" y="-0.305948"/>
                <texcoord v="0.535664" u="0.860406"/>
            </vertex>
            <vertex>
                <position x="-30.149673" z="-14.682735" y="6.413794"/>
                <normal x="-0.798761" z="-0.475326" y="0.368816"/>
                <texcoord v="0.984780" u="0.699452"/>
            </vertex>
            <vertex>
                <position x="-31.393677" z="-13.558075" y="-1.100014"/>
                <normal x="-0.933683" z="-0.357250" y="-0.023316"/>
                <texcoord v="0.945637" u="0.710607"/>
            </vertex>
            <vertex>
                <position x="-30.784904" z="-6.341011" y="6.829880"/>
                <normal x="-0.974639" z="0.122501" y="0.187201"/>
                <texcoord v="0.967514" u="0.660144"/>
            </vertex>
            <vertex>
                <position x="-28.945053" z="-3.763592" y="-9.963629"/>
                <normal x="-0.940245" z="0.226966" y="-0.253700"/>
                <texcoord v="0.886048" u="0.678734"/>
            </vertex>
            <vertex>
                <position x="-30.087643" z="-3.939701" y="-2.106651"/>
                <normal x="-0.945616" z="0.315592" y="-0.078463"/>
                <texcoord v="0.922151" u="0.666702"/>
            </vertex>
            <vertex>
                <position x="-30.890614" z="-9.663521" y="-6.469358"/>
                <normal x="-0.978698" z="0.041597" y="-0.201025"/>
                <texcoord v="0.912523" u="0.701045"/>
            </vertex>
            <vertex>
                <position x="-7.457422" z="-26.085230" y="-19.210890"/>
                <normal x="-0.189611" z="-0.836909" y="-0.513413"/>
                <texcoord v="0.620307" u="0.879435"/>
            </vertex>
            <vertex>
                <position x="-3.911027" z="1.223764" y="19.444084"/>
                <normal x="0.712119" z="0.299692" y="0.634846"/>
                <texcoord v="0.905182" u="0.810398"/>
            </vertex>
            <vertex>
                <position x="-7.359806" z="0.165026" y="22.826550"/>
                <normal x="0.237800" z="-0.016694" y="0.971160"/>
                <texcoord v="0.917516" u="0.788062"/>
            </vertex>
            <vertex>
                <position x="-15.692485" z="-5.849140" y="-23.772985"/>
                <normal x="-0.075869" z="0.431867" y="-0.898709"/>
                <texcoord v="0.787760" u="0.695138"/>
            </vertex>
            <vertex>
                <position x="-19.269222" z="-11.845661" y="-25.633978"/>
                <normal x="-0.431959" z="0.011902" y="-0.901791"/>
                <texcoord v="0.799474" u="0.730784"/>
            </vertex>
            <vertex>
                <position x="-13.325212" z="-13.003761" y="-27.269827"/>
                <normal x="-0.181066" z="0.048067" y="-0.982269"/>
                <texcoord v="0.765756" u="0.732192"/>
            </vertex>
            <vertex>
                <position x="4.574579" z="-5.854111" y="-25.333521"/>
                <normal x="0.470687" z="0.099124" y="-0.876675"/>
                <texcoord v="0.686622" u="0.666749"/>
            </vertex>
            <vertex>
                <position x="-2.457008" z="-11.662746" y="-27.303251"/>
                <normal x="-0.045137" z="0.319468" y="-0.946501"/>
                <texcoord v="0.712113" u="0.708997"/>
            </vertex>
            <vertex>
                <position x="-1.267328" z="-14.885571" y="-28.003916"/>
                <normal x="0.342082" z="-0.236061" y="-0.909513"/>
                <texcoord v="0.700830" u="0.723808"/>
            </vertex>
            <vertex>
                <position x="-13.825198" z="18.469873" y="13.302373"/>
                <normal x="-0.066469" z="0.842463" y="0.534623"/>
                <texcoord v="0.992356" u="0.872342"/>
            </vertex>
            <vertex>
                <position x="-26.704010" z="-14.554394" y="-16.107496"/>
                <normal x="-0.827845" z="-0.376507" y="-0.415754"/>
                <texcoord v="0.865513" u="0.739467"/>
            </vertex>
            <vertex>
                <position x="-28.582264" z="-9.106289" y="-13.160337"/>
                <normal x="-0.913083" z="0.031465" y="-0.406537"/>
                <texcoord v="0.877798" u="0.707920"/>
            </vertex>
            <vertex>
                <position x="-29.327568" z="-14.206322" y="-10.052168"/>
                <normal x="-0.865474" z="-0.417920" y="-0.276162"/>
                <texcoord v="0.900374" u="0.729820"/>
            </vertex>
            <vertex>
                <position x="8.983597" z="3.660099" y="-20.229399"/>
                <normal x="0.600818" z="0.431928" y="-0.672597"/>
                <texcoord v="0.799568" u="0.990459"/>
            </vertex>
            <vertex>
                <position x="-12.784605" z="-26.000029" y="-9.255442"/>
                <normal x="-0.408673" z="-0.894528" y="-0.180975"/>
                <texcoord v="0.604489" u="0.827524"/>
            </vertex>
            <vertex>
                <position x="-3.132063" z="9.602383" y="11.303841"/>
                <normal x="0.697562" z="0.532701" y="0.479141"/>
                <texcoord v="0.920518" u="0.867003"/>
            </vertex>
            <vertex>
                <position x="-6.412084" z="-7.749138" y="-24.950277"/>
                <normal x="-0.070833" z="0.435591" y="-0.897336"/>
                <texcoord v="0.739206" u="0.692775"/>
            </vertex>
            <vertex>
                <position x="-23.095619" z="-21.389944" y="6.658554"/>
                <normal x="-0.519120" z="-0.686728" y="0.508774"/>
                <texcoord v="0.567277" u="0.746348"/>
            </vertex>
            <vertex>
                <position x="-21.538651" z="-18.405212" y="8.886396"/>
                <normal x="-0.304056" z="-0.475723" y="0.825343"/>
                <texcoord v="0.569817" u="0.728204"/>
            </vertex>
            <vertex>
                <position x="-15.946213" z="-17.128071" y="11.345469"/>
                <normal x="-0.217475" z="-0.511002" y="0.831599"/>
                <texcoord v="0.593926" u="0.711618"/>
            </vertex>
            <vertex>
                <position x="-6.100258" z="-29.206362" y="-6.212904"/>
                <normal x="-0.296060" z="-0.946532" y="-0.127995"/>
                <texcoord v="0.641614" u="0.817850"/>
            </vertex>
            <vertex>
                <position x="-5.435597" z="-21.160223" y="10.018789"/>
                <normal x="-0.078433" z="-0.665609" y="0.742119"/>
                <texcoord v="0.647061" u="0.724001"/>
            </vertex>
            <vertex>
                <position x="-1.245182" z="0.035311" y="15.888947"/>
                <normal x="0.775689" z="0.273568" y="0.568682"/>
                <texcoord v="0.887018" u="0.824606"/>
            </vertex>
            <vertex>
                <position x="-11.185605" z="22.023529" y="6.470598"/>
                <normal x="0.067476" z="0.909024" y="0.411206"/>
                <texcoord v="0.882037" u="0.506641"/>
            </vertex>
            <vertex>
                <position x="-20.402893" z="15.713526" y="-3.224787"/>
                <normal x="-0.805231" z="0.592792" y="-0.012513"/>
                <texcoord v="0.871921" u="0.578133"/>
            </vertex>
            <vertex>
                <position x="-1.078735" z="-19.699503" y="-24.178228"/>
                <normal x="0.445784" z="-0.589312" y="-0.673727"/>
                <texcoord v="0.633217" u="0.928291"/>
            </vertex>
            <vertex>
                <position x="-23.307674" z="-15.624882" y="-20.847624"/>
                <normal x="-0.736045" z="-0.393109" y="-0.551042"/>
                <texcoord v="0.525907" u="0.876756"/>
            </vertex>
            <vertex>
                <position x="8.983597" z="3.660099" y="-20.229399"/>
                <normal x="0.600818" z="0.431928" y="-0.672597"/>
                <texcoord v="0.685222" u="0.605189"/>
            </vertex>
            <vertex>
                <position x="-4.713093" z="19.476786" y="1.325668"/>
                <normal x="0.688711" z="0.609394" y="0.392773"/>
                <texcoord v="0.944682" u="0.934341"/>
            </vertex>
            <vertex>
                <position x="-6.796972" z="24.343746" y="-4.952021"/>
                <normal x="0.188940" z="0.971129" y="-0.145512"/>
                <texcoord v="0.959462" u="0.974422"/>
            </vertex>
            <vertex>
                <position x="-1.193436" z="19.551279" y="-4.614775"/>
                <normal x="0.711173" z="0.592486" y="0.378368"/>
                <texcoord v="0.923015" u="0.962416"/>
            </vertex>
            <vertex>
                <position x="3.561417" z="-30.647543" y="-2.867685"/>
                <normal x="0.473067" z="-0.879574" y="-0.050478"/>
                <texcoord v="0.696083" u="0.831597"/>
            </vertex>
            <vertex>
                <position x="4.397835" z="-28.642385" y="1.966501"/>
                <normal x="0.440443" z="-0.785821" y="0.434126"/>
                <texcoord v="0.719458" u="0.816116"/>
            </vertex>
            <vertex>
                <position x="7.508846" z="-26.150629" y="-0.548557"/>
                <normal x="0.848384" z="-0.526017" y="0.059450"/>
                <texcoord v="0.727569" u="0.838055"/>
            </vertex>
            <vertex>
                <position x="-11.534126" z="22.766638" y="-6.429342"/>
                <normal x="-0.285134" z="0.876614" y="-0.387555"/>
                <texcoord v="0.830361" u="0.544421"/>
            </vertex>
            <vertex>
                <position x="-23.307674" z="-15.624882" y="-20.847624"/>
                <normal x="-0.736045" z="-0.393109" y="-0.551042"/>
                <texcoord v="0.834461" u="0.748916"/>
            </vertex>
            <vertex>
                <position x="-8.933135" z="23.856373" y="0.418447"/>
                <normal x="0.135502" z="0.965270" y="0.223334"/>
                <texcoord v="0.847715" u="0.512509"/>
            </vertex>
            <vertex>
                <position x="-6.796972" z="24.343746" y="-4.952021"/>
                <normal x="0.188940" z="0.971129" y="-0.145512"/>
                <texcoord v="0.818774" u="0.521762"/>
            </vertex>
            <vertex>
                <position x="-27.159599" z="2.863470" y="-1.560106"/>
                <normal x="-0.909665" z="0.413221" y="0.041383"/>
                <texcoord v="0.909896" u="0.633394"/>
            </vertex>
            <vertex>
                <position x="-20.088184" z="-17.082539" y="-23.324549"/>
                <normal x="-0.528581" z="-0.520920" y="-0.670217"/>
                <texcoord v="0.813355" u="0.758669"/>
            </vertex>
            <vertex>
                <position x="4.397835" z="-28.642385" y="1.966501"/>
                <normal x="0.440443" z="-0.785821" y="0.434126"/>
                <texcoord v="0.697812" u="0.778458"/>
            </vertex>
            <vertex>
                <position x="-26.704010" z="-14.554394" y="-16.107496"/>
                <normal x="-0.827845" z="-0.376507" y="-0.415754"/>
                <texcoord v="0.512089" u="0.849250"/>
            </vertex>
            <vertex>
                <position x="-29.327568" z="-14.206322" y="-10.052168"/>
                <normal x="-0.865474" z="-0.417920" y="-0.276162"/>
                <texcoord v="0.504903" u="0.815783"/>
            </vertex>
            <vertex>
                <position x="-21.746323" z="-6.935846" y="-23.345404"/>
                <normal x="-0.498184" z="0.218451" y="-0.839076"/>
                <texcoord v="0.816382" u="0.705562"/>
            </vertex>
            <vertex>
                <position x="-29.888641" z="-10.767769" y="9.410147"/>
                <normal x="-0.760735" z="-0.291849" y="0.579699"/>
                <texcoord v="0.517722" u="0.708203"/>
            </vertex>
            <vertex>
                <position x="6.880394" z="2.146431" y="0.992792"/>
                <normal x="0.810877" z="0.449263" y="0.374981"/>
                <texcoord v="0.848006" u="0.898104"/>
            </vertex>
            <vertex>
                <position x="4.372551" z="-26.070784" y="5.543047"/>
                <normal x="0.447737" z="-0.645802" y="0.618397"/>
                <texcoord v="0.740412" u="0.806189"/>
            </vertex>
            <vertex>
                <position x="-31.257668" z="-9.358109" y="-1.712547"/>
                <normal x="-0.992981" z="0.096133" y="-0.068819"/>
                <texcoord v="0.934367" u="0.691317"/>
            </vertex>
            <vertex>
                <position x="-8.933135" z="23.856373" y="0.418447"/>
                <normal x="0.135502" z="0.965270" y="0.223334"/>
                <texcoord v="0.973775" u="0.947530"/>
            </vertex>
            <vertex>
                <position x="-6.283442" z="-8.634491" y="19.009235"/>
                <normal x="-0.178655" z="-0.475692" y="0.861232"/>
                <texcoord v="0.632206" u="0.648021"/>
            </vertex>
            <vertex>
                <position x="2.518238" z="-14.962933" y="-23.099066"/>
                <normal x="0.786981" z="-0.377178" y="-0.488174"/>
                <texcoord v="0.702537" u="0.961034"/>
            </vertex>
            <vertex>
                <position x="-1.267328" z="-14.885571" y="-28.003916"/>
                <normal x="0.342082" z="-0.236061" y="-0.909513"/>
                <texcoord v="0.682068" u="0.985440"/>
            </vertex>
            <vertex>
                <position x="0.051363" z="-13.289211" y="17.521976"/>
                <normal x="0.378887" z="-0.344829" y="0.858791"/>
                <texcoord v="0.831966" u="0.782362"/>
            </vertex>
            <vertex>
                <position x="5.428055" z="13.647596" y="-14.791124"/>
                <normal x="0.589587" z="0.635975" y="-0.497879"/>
                <texcoord v="0.860731" u="0.993658"/>
            </vertex>
            <vertex>
                <position x="7.642185" z="-0.824392" y="-22.673857"/>
                <normal x="0.518479" z="0.174444" y="-0.837092"/>
                <texcoord v="0.681912" u="0.632906"/>
            </vertex>
            <vertex>
                <position x="-7.905441" z="19.803490" y="6.240866"/>
                <normal x="0.615162" z="0.636372" y="0.465377"/>
                <texcoord v="0.964392" u="0.911608"/>
            </vertex>
            <vertex>
                <position x="-11.185605" z="22.023529" y="6.470598"/>
                <normal x="0.067476" z="0.909024" y="0.411206"/>
                <texcoord v="0.984729" u="0.914157"/>
            </vertex>
            <vertex>
                <position x="-7.420698" z="-15.702164" y="-28.120756"/>
                <normal x="-0.048341" z="-0.198126" y="-0.978973"/>
                <texcoord v="0.731077" u="0.737560"/>
            </vertex>
            <vertex>
                <position x="-2.901432" z="22.582180" y="-7.597647"/>
                <normal x="0.311655" z="0.909055" y="-0.276467"/>
                <texcoord v="0.934553" u="0.983172"/>
            </vertex>
            <vertex>
                <position x="-3.182653" z="-6.891190" y="20.518845"/>
                <normal x="0.344432" z="-0.181951" y="0.920988"/>
                <texcoord v="0.873015" u="0.782940"/>
            </vertex>
            <vertex>
                <position x="1.127388" z="19.790937" y="-10.425230"/>
                <normal x="0.500931" z="0.787835" y="-0.358226"/>
                <texcoord v="0.905605" u="0.989836"/>
            </vertex>
            <vertex>
                <position x="-3.182653" z="-6.891190" y="20.518845"/>
                <normal x="0.344432" z="-0.181951" y="0.920988"/>
                <texcoord v="0.645913" u="0.633651"/>
            </vertex>
            <vertex>
                <position x="-2.901432" z="22.582180" y="-7.597647"/>
                <normal x="0.311655" z="0.909055" y="-0.276467"/>
                <texcoord v="0.792372" u="0.523705"/>
            </vertex>
            <vertex>
                <position x="-16.534437" z="3.428877" y="-19.192152"/>
                <normal x="-0.013733" z="0.484634" y="-0.874569"/>
                <texcoord v="0.805737" u="0.648597"/>
            </vertex>
            <vertex>
                <position x="-5.135738" z="13.768366" y="8.869207"/>
                <normal x="0.690939" z="0.558977" y="0.458357"/>
                <texcoord v="0.938082" u="0.886516"/>
            </vertex>
            <vertex>
                <position x="-20.617868" z="8.587677" y="19.946140"/>
                <normal x="-0.578143" z="0.313150" y="0.753410"/>
                <texcoord v="0.535061" u="0.584058"/>
            </vertex>
            <vertex>
                <position x="-23.707329" z="4.546316" y="18.731190"/>
                <normal x="-0.641987" z="0.129215" y="0.755730"/>
                <texcoord v="0.994753" u="0.572428"/>
            </vertex>
            <vertex>
                <position x="-29.888641" z="-10.767769" y="9.410147"/>
                <normal x="-0.760735" z="-0.291849" y="0.579699"/>
                <texcoord v="0.990017" u="0.674180"/>
            </vertex>
            <vertex>
                <position x="-23.707329" z="4.546316" y="18.731190"/>
                <normal x="-0.641987" z="0.129215" y="0.755730"/>
                <texcoord v="0.526544" u="0.609858"/>
            </vertex>
            <vertex>
                <position x="-2.467386" z="-28.348429" y="-16.761778"/>
                <normal x="0.244728" z="-0.822291" y="-0.513688"/>
                <texcoord v="0.649114" u="0.872742"/>
            </vertex>
            <vertex>
                <position x="-1.267328" z="-14.885571" y="-28.003916"/>
                <normal x="0.342082" z="-0.236061" y="-0.909513"/>
                <texcoord v="0.619281" u="0.956427"/>
            </vertex>
            <vertex>
                <position x="-31.393677" z="-13.558075" y="-1.100014"/>
                <normal x="-0.933683" z="-0.357250" y="-0.023316"/>
                <texcoord v="0.504764" u="0.768304"/>
            </vertex>
            <vertex>
                <position x="-16.513456" z="11.632626" y="20.705376"/>
                <normal x="-0.195685" z="0.559740" y="0.805200"/>
                <texcoord v="0.549268" u="0.561289"/>
            </vertex>
        </vertexbuffer>
    </sharedgeometry>
    <submeshes>
        <submesh material="StonesMat_01" operationtype="triangle_list" use32bitindexes="False" usesharedvertices="true">
            <faces count="304">
                <face v3="2" v2="1" v1="0"/>
                <face v3="5" v2="4" v1="3"/>
                <face v3="8" v2="7" v1="6"/>
                <face v3="11" v2="10" v1="9"/>
                <face v3="14" v2="13" v1="12"/>
                <face v3="17" v2="16" v1="15"/>
                <face v3="20" v2="19" v1="18"/>
                <face v3="23" v2="22" v1="21"/>
                <face v3="25" v2="24" v1="21"/>
                <face v3="11" v2="26" v1="10"/>
                <face v3="29" v2="28" v1="27"/>
                <face v3="6" v2="7" v1="30"/>
                <face v3="33" v2="32" v1="31"/>
                <face v3="35" v2="34" v1="2"/>
                <face v3="38" v2="37" v1="36"/>
                <face v3="41" v2="40" v1="39"/>
                <face v3="33" v2="43" v1="42"/>
                <face v3="46" v2="45" v1="44"/>
                <face v3="48" v2="47" v1="44"/>
                <face v3="51" v2="50" v1="49"/>
                <face v3="54" v2="53" v1="52"/>
                <face v3="16" v2="56" v1="55"/>
                <face v3="29" v2="58" v1="57"/>
                <face v3="30" v2="60" v1="59"/>
                <face v3="61" v2="11" v1="9"/>
                <face v3="7" v2="62" v1="60"/>
                <face v3="44" v2="45" v1="63"/>
                <face v3="65" v2="3" v1="64"/>
                <face v3="66" v2="36" v1="37"/>
                <face v3="34" v2="68" v1="67"/>
                <face v3="12" v2="70" v1="69"/>
                <face v3="72" v2="71" v1="33"/>
                <face v3="75" v2="74" v1="73"/>
                <face v3="78" v2="77" v1="76"/>
                <face v3="71" v2="28" v1="29"/>
                <face v3="80" v2="79" v1="38"/>
                <face v3="81" v2="47" v1="48"/>
                <face v3="82" v2="39" v1="66"/>
                <face v3="24" v2="84" v1="83"/>
                <face v3="1" v2="86" v1="85"/>
                <face v3="68" v2="88" v1="87"/>
                <face v3="91" v2="90" v1="89"/>
                <face v3="19" v2="20" v1="92"/>
                <face v3="95" v2="94" v1="93"/>
                <face v3="97" v2="96" v1="11"/>
                <face v3="87" v2="88" v1="98"/>
                <face v3="100" v2="91" v1="99"/>
                <face v3="41" v2="101" v1="78"/>
                <face v3="102" v2="91" v1="100"/>
                <face v3="103" v2="8" v1="6"/>
                <face v3="105" v2="83" v1="104"/>
                <face v3="43" v2="107" v1="106"/>
                <face v3="65" v2="46" v1="44"/>
                <face v3="79" v2="108" v1="37"/>
                <face v3="111" v2="110" v1="109"/>
                <face v3="24" v2="83" v1="105"/>
                <face v3="77" v2="113" v1="112"/>
                <face v3="115" v2="12" v1="114"/>
                <face v3="118" v2="117" v1="116"/>
                <face v3="121" v2="120" v1="119"/>
                <face v3="12" v2="69" v1="114"/>
                <face v3="37" v2="31" v1="82"/>
                <face v3="113" v2="95" v1="93"/>
                <face v3="114" v2="69" v1="122"/>
                <face v3="124" v2="123" v1="26"/>
                <face v3="97" v2="11" v1="61"/>
                <face v3="127" v2="126" v1="125"/>
                <face v3="130" v2="129" v1="128"/>
                <face v3="92" v2="115" v1="114"/>
                <face v3="9" v2="10" v1="131"/>
                <face v3="134" v2="133" v1="132"/>
                <face v3="43" v2="106" v1="135"/>
                <face v3="0" v2="1" v1="85"/>
                <face v3="67" v2="68" v1="75"/>
                <face v3="114" v2="122" v1="136"/>
                <face v3="10" v2="26" v1="137"/>
                <face v3="112" v2="113" v1="93"/>
                <face v3="51" v2="118" v1="88"/>
                <face v3="80" v2="38" v1="36"/>
                <face v3="125" v2="138" v1="127"/>
                <face v3="62" v2="140" v1="139"/>
                <face v3="62" v2="141" v1="140"/>
                <face v3="122" v2="111" v1="142"/>
                <face v3="17" v2="143" v1="16"/>
                <face v3="17" v2="81" v1="141"/>
                <face v3="40" v2="144" v1="39"/>
                <face v3="85" v2="86" v1="145"/>
                <face v3="0" v2="21" v1="146"/>
                <face v3="70" v2="147" v1="122"/>
                <face v3="18" v2="139" v1="140"/>
                <face v3="12" v2="115" v1="148"/>
                <face v3="89" v2="149" v1="99"/>
                <face v3="152" v2="151" v1="150"/>
                <face v3="155" v2="154" v1="153"/>
                <face v3="156" v2="21" v1="0"/>
                <face v3="53" v2="157" v1="132"/>
                <face v3="17" v2="15" v1="81"/>
                <face v3="159" v2="156" v1="158"/>
                <face v3="133" v2="121" v1="119"/>
                <face v3="72" v2="33" v1="31"/>
                <face v3="50" v2="35" v1="160"/>
                <face v3="126" v2="161" v1="157"/>
                <face v3="105" v2="35" v1="24"/>
                <face v3="6" v2="109" v1="162"/>
                <face v3="115" v2="164" v1="163"/>
                <face v3="120" v2="50" v1="160"/>
                <face v3="132" v2="133" v1="53"/>
                <face v3="165" v2="53" v1="54"/>
                <face v3="141" v2="63" v1="140"/>
                <face v3="166" v2="18" v1="140"/>
                <face v3="71" v2="108" v1="28"/>
                <face v3="1" v2="67" v1="86"/>
                <face v3="167" v2="32" v1="95"/>
                <face v3="110" v2="162" v1="109"/>
                <face v3="133" v2="119" v1="52"/>
                <face v3="30" v2="59" v1="142"/>
                <face v3="168" v2="155" v1="79"/>
                <face v3="136" v2="122" v1="142"/>
                <face v3="99" v2="91" v1="89"/>
                <face v3="40" v2="41" v1="78"/>
                <face v3="59" v2="19" v1="92"/>
                <face v3="22" v2="25" v1="21"/>
                <face v3="142" v2="59" v1="136"/>
                <face v3="138" v2="102" v1="100"/>
                <face v3="62" v2="143" v1="17"/>
                <face v3="169" v2="117" v1="49"/>
                <face v3="151" v2="170" v1="150"/>
                <face v3="108" v2="72" v1="37"/>
                <face v3="102" v2="22" v1="91"/>
                <face v3="171" v2="81" v1="15"/>
                <face v3="173" v2="172" v1="57"/>
                <face v3="12" v2="13" v1="70"/>
                <face v3="92" v2="20" v1="164"/>
                <face v3="143" v2="62" v1="7"/>
                <face v3="66" v2="174" v1="36"/>
                <face v3="125" v2="126" v1="165"/>
                <face v3="175" v2="93" v1="135"/>
                <face v3="33" v2="71" v1="172"/>
                <face v3="101" v2="113" v1="77"/>
                <face v3="34" v2="51" v1="68"/>
                <face v3="8" v2="143" v1="7"/>
                <face v3="176" v2="99" v1="149"/>
                <face v3="95" v2="42" v1="94"/>
                <face v3="115" v2="92" v1="164"/>
                <face v3="37" v2="82" v1="66"/>
                <face v3="11" v2="96" v1="26"/>
                <face v3="170" v2="178" v1="177"/>
                <face v3="169" v2="49" v1="120"/>
                <face v3="136" v2="92" v1="114"/>
                <face v3="146" v2="2" v1="0"/>
                <face v3="34" v2="67" v1="1"/>
                <face v3="33" v2="107" v1="43"/>
                <face v3="141" v2="48" v1="63"/>
                <face v3="119" v2="104" v1="52"/>
                <face v3="179" v2="129" v1="130"/>
                <face v3="152" v2="180" v1="151"/>
                <face v3="138" v2="125" v1="102"/>
                <face v3="176" v2="100" v1="99"/>
                <face v3="56" v2="8" v1="103"/>
                <face v3="66" v2="181" v1="174"/>
                <face v3="152" v2="77" v1="182"/>
                <face v3="7" v2="60" v1="30"/>
                <face v3="71" v2="29" v1="172"/>
                <face v3="144" v2="181" v1="66"/>
                <face v3="47" v2="5" v1="65"/>
                <face v3="4" v2="171" v1="183"/>
                <face v3="109" v2="30" v1="142"/>
                <face v3="45" v2="166" v1="63"/>
                <face v3="23" v2="184" v1="90"/>
                <face v3="185" v2="125" v1="54"/>
                <face v3="21" v2="24" v1="146"/>
                <face v3="186" v2="150" v1="177"/>
                <face v3="160" v2="35" v1="105"/>
                <face v3="42" v2="43" v1="94"/>
                <face v3="15" v2="16" v1="55"/>
                <face v3="174" v2="80" v1="36"/>
                <face v3="123" v2="181" v1="144"/>
                <face v3="86" v2="67" v1="73"/>
                <face v3="166" v2="140" v1="63"/>
                <face v3="77" v2="152" v1="76"/>
                <face v3="50" v2="34" v1="35"/>
                <face v3="93" v2="94" v1="135"/>
                <face v3="24" v2="25" v1="84"/>
                <face v3="171" v2="47" v1="81"/>
                <face v3="65" v2="64" v1="187"/>
                <face v3="172" v2="173" v1="107"/>
                <face v3="112" v2="93" v1="175"/>
                <face v3="184" v2="23" v1="159"/>
                <face v3="26" v2="40" v1="137"/>
                <face v3="165" v2="157" v1="53"/>
                <face v3="5" v2="3" v1="65"/>
                <face v3="33" v2="172" v1="107"/>
                <face v3="83" v2="185" v1="54"/>
                <face v3="156" v2="0" v1="85"/>
                <face v3="75" v2="68" v1="188"/>
                <face v3="123" v2="144" v1="40"/>
                <face v3="118" v2="116" v1="189"/>
                <face v3="22" v2="102" v1="25"/>
                <face v3="123" v2="124" v1="181"/>
                <face v3="190" v2="46" v1="65"/>
                <face v3="175" v2="182" v1="112"/>
                <face v3="101" v2="41" v1="167"/>
                <face v3="128" v2="100" v1="176"/>
                <face v3="122" v2="147" v1="191"/>
                <face v3="16" v2="8" v1="56"/>
                <face v3="4" v2="5" v1="171"/>
                <face v3="91" v2="23" v1="90"/>
                <face v3="28" v2="108" v1="155"/>
                <face v3="138" v2="129" v1="179"/>
                <face v3="31" v2="167" v1="82"/>
                <face v3="117" v2="169" v1="121"/>
                <face v3="160" v2="105" v1="104"/>
                <face v3="49" v2="117" v1="118"/>
                <face v3="121" v2="169" v1="120"/>
                <face v3="29" v2="27" v1="58"/>
                <face v3="146" v2="35" v1="2"/>
                <face v3="10" v2="137" v1="186"/>
                <face v3="113" v2="101" v1="167"/>
                <face v3="70" v2="192" v1="147"/>
                <face v3="52" v2="53" v1="133"/>
                <face v3="128" v2="138" v1="100"/>
                <face v3="191" v2="111" v1="122"/>
                <face v3="6" v2="30" v1="109"/>
                <face v3="113" v2="167" v1="95"/>
                <face v3="50" v2="51" v1="34"/>
                <face v3="119" v2="120" v1="104"/>
                <face v3="127" v2="138" v1="179"/>
                <face v3="125" v2="165" v1="54"/>
                <face v3="167" v2="41" v1="39"/>
                <face v3="78" v2="76" v1="150"/>
                <face v3="57" v2="172" v1="29"/>
                <face v3="94" v2="43" v1="135"/>
                <face v3="92" v2="136" v1="59"/>
                <face v3="118" v2="51" v1="49"/>
                <face v3="108" v2="79" v1="155"/>
                <face v3="120" v2="49" v1="50"/>
                <face v3="68" v2="51" v1="88"/>
                <face v3="84" v2="102" v1="185"/>
                <face v3="2" v2="34" v1="1"/>
                <face v3="83" v2="84" v1="185"/>
                <face v3="47" v2="65" v1="44"/>
                <face v3="20" v2="18" v1="193"/>
                <face v3="183" v2="15" v1="55"/>
                <face v3="69" v2="70" v1="122"/>
                <face v3="98" v2="118" v1="189"/>
                <face v3="159" v2="23" v1="156"/>
                <face v3="22" v2="23" v1="91"/>
                <face v3="40" v2="78" v1="137"/>
                <face v3="101" v2="77" v1="78"/>
                <face v3="164" v2="20" v1="193"/>
                <face v3="19" v2="60" v1="139"/>
                <face v3="10" v2="186" v1="177"/>
                <face v3="32" v2="167" v1="31"/>
                <face v3="190" v2="65" v1="187"/>
                <face v3="177" v2="178" v1="131"/>
                <face v3="18" v2="19" v1="139"/>
                <face v3="102" v2="125" v1="185"/>
                <face v3="26" v2="123" v1="40"/>
                <face v3="168" v2="154" v1="155"/>
                <face v3="48" v2="44" v1="63"/>
                <face v3="187" v2="64" v1="194"/>
                <face v3="26" v2="96" v1="124"/>
                <face v3="183" v2="171" v1="15"/>
                <face v3="143" v2="8" v1="16"/>
                <face v3="79" v2="37" v1="38"/>
                <face v3="115" v2="163" v1="148"/>
                <face v3="62" v2="17" v1="141"/>
                <face v3="141" v2="81" v1="48"/>
                <face v3="19" v2="59" v1="60"/>
                <face v3="35" v2="146" v1="24"/>
                <face v3="137" v2="78" v1="186"/>
                <face v3="126" v2="157" v1="165"/>
                <face v3="10" v2="177" v1="131"/>
                <face v3="67" v2="75" v1="73"/>
                <face v3="82" v2="167" v1="39"/>
                <face v3="72" v2="31" v1="37"/>
                <face v3="28" v2="155" v1="153"/>
                <face v3="182" v2="77" v1="112"/>
                <face v3="78" v2="150" v1="186"/>
                <face v3="68" v2="87" v1="188"/>
                <face v3="150" v2="170" v1="177"/>
                <face v3="32" v2="33" v1="42"/>
                <face v3="83" v2="52" v1="104"/>
                <face v3="84" v2="25" v1="102"/>
                <face v3="27" v2="28" v1="153"/>
                <face v3="52" v2="83" v1="54"/>
                <face v3="120" v2="160" v1="104"/>
                <face v3="95" v2="32" v1="42"/>
                <face v3="103" v2="6" v1="162"/>
                <face v3="129" v2="138" v1="128"/>
                <face v3="108" v2="71" v1="72"/>
                <face v3="60" v2="62" v1="139"/>
                <face v3="134" v2="117" v1="121"/>
                <face v3="80" v2="168" v1="79"/>
                <face v3="171" v2="5" v1="47"/>
                <face v3="158" v2="85" v1="145"/>
                <face v3="111" v2="109" v1="142"/>
                <face v3="182" v2="180" v1="152"/>
                <face v3="39" v2="144" v1="66"/>
                <face v3="134" v2="121" v1="133"/>
                <face v3="156" v2="85" v1="158"/>
                <face v3="150" v2="76" v1="152"/>
                <face v3="23" v2="21" v1="156"/>
                <face v3="88" v2="118" v1="98"/>
            </faces>
        </submesh>
    </submeshes>
    <submeshnames>
        <submesh index="0" name="StonesMat_01">
        </submesh>
    </submeshnames>
</mesh>